[{"model": "admin.logentry", "pk": 1, "fields": {"action_time": "2024-11-12T17:48:29.206Z", "user": 1, "content_type": 12, "object_id": "1", "object_repr": "Cerveza", "action_flag": 1, "change_message": "[{\"added\": {}}]"}}, {"model": "admin.logentry", "pk": 2, "fields": {"action_time": "2024-11-12T17:48:32.821Z", "user": 1, "content_type": 12, "object_id": "2", "object_repr": "Cerveza de Barril", "action_flag": 1, "change_message": "[{\"added\": {}}]"}}, {"model": "admin.logentry", "pk": 3, "fields": {"action_time": "2024-11-12T17:48:36.655Z", "user": 1, "content_type": 12, "object_id": "3", "object_repr": "Cocktel", "action_flag": 1, "change_message": "[{\"added\": {}}]"}}, {"model": "admin.logentry", "pk": 4, "fields": {"action_time": "2024-11-12T17:48:39.934Z", "user": 1, "content_type": 12, "object_id": "4", "object_repr": "Cockteles", "action_flag": 1, "change_message": "[{\"added\": {}}]"}}, {"model": "admin.logentry", "pk": 5, "fields": {"action_time": "2024-11-12T17:48:50.094Z", "user": 1, "content_type": 12, "object_id": "5", "object_repr": "Jarra", "action_flag": 1, "change_message": "[{\"added\": {}}]"}}, {"model": "admin.logentry", "pk": 6, "fields": {"action_time": "2024-11-12T17:48:54.294Z", "user": 1, "content_type": 12, "object_id": "6", "object_repr": "Refresco", "action_flag": 1, "change_message": "[{\"added\": {}}]"}}, {"model": "admin.logentry", "pk": 7, "fields": {"action_time": "2024-11-12T17:49:01.342Z", "user": 1, "content_type": 12, "object_id": "7", "object_repr": "Tequila", "action_flag": 1, "change_message": "[{\"added\": {}}]"}}, {"model": "admin.logentry", "pk": 8, "fields": {"action_time": "2024-11-12T17:49:04.094Z", "user": 1, "content_type": 12, "object_id": "8", "object_repr": "Vinos", "action_flag": 1, "change_message": "[{\"added\": {}}]"}}, {"model": "admin.logentry", "pk": 9, "fields": {"action_time": "2024-11-12T17:49:08.110Z", "user": 1, "content_type": 12, "object_id": "9", "object_repr": "Cerveza", "action_flag": 1, "change_message": "[{\"added\": {}}]"}}, {"model": "admin.logentry", "pk": 10, "fields": {"action_time": "2024-11-12T17:49:13.867Z", "user": 1, "content_type": 12, "object_id": "9", "object_repr": "Cerveza", "action_flag": 3, "change_message": ""}}, {"model": "admin.logentry", "pk": 11, "fields": {"action_time": "2024-11-12T17:53:04.916Z", "user": 1, "content_type": 11, "object_id": "1", "object_repr": "Margarita", "action_flag": 1, "change_message": "[{\"added\": {}}]"}}, {"model": "admin.logentry", "pk": 12, "fields": {"action_time": "2024-11-12T17:53:50.453Z", "user": 1, "content_type": 11, "object_id": "2", "object_repr": "Margarita de Fresa", "action_flag": 1, "change_message": "[{\"added\": {}}]"}}, {"model": "admin.logentry", "pk": 13, "fields": {"action_time": "2024-11-12T17:53:59.586Z", "user": 1, "content_type": 11, "object_id": "1", "object_repr": "Margarita Limon", "action_flag": 2, "change_message": "[{\"changed\": {\"fields\": [\"Nom bebida\"]}}]"}}, {"model": "admin.logentry", "pk": 14, "fields": {"action_time": "2024-11-12T17:54:35.875Z", "user": 1, "content_type": 11, "object_id": "3", "object_repr": "Sangría", "action_flag": 1, "change_message": "[{\"added\": {}}]"}}, {"model": "admin.logentry", "pk": 15, "fields": {"action_time": "2024-11-12T17:55:08.339Z", "user": 1, "content_type": 10, "object_id": "1", "object_repr": "Carne", "action_flag": 1, "change_message": "[{\"added\": {}}]"}}, {"model": "admin.logentry", "pk": 16, "fields": {"action_time": "2024-11-12T17:55:12.000Z", "user": 1, "content_type": 10, "object_id": "2", "object_repr": "Dulce", "action_flag": 1, "change_message": "[{\"added\": {}}]"}}, {"model": "admin.logentry", "pk": 17, "fields": {"action_time": "2024-11-12T17:55:15.763Z", "user": 1, "content_type": 10, "object_id": "3", "object_repr": "Fritura", "action_flag": 1, "change_message": "[{\"added\": {}}]"}}, {"model": "admin.logentry", "pk": 18, "fields": {"action_time": "2024-11-12T17:55:18.699Z", "user": 1, "content_type": 10, "object_id": "4", "object_repr": "Fruta", "action_flag": 1, "change_message": "[{\"added\": {}}]"}}, {"model": "admin.logentry", "pk": 19, "fields": {"action_time": "2024-11-12T17:55:22.139Z", "user": 1, "content_type": 10, "object_id": "5", "object_repr": "Frutos Secos", "action_flag": 1, "change_message": "[{\"added\": {}}]"}}, {"model": "admin.logentry", "pk": 20, "fields": {"action_time": "2024-11-12T17:55:27.739Z", "user": 1, "content_type": 10, "object_id": "6", "object_repr": "Grano", "action_flag": 1, "change_message": "[{\"added\": {}}]"}}, {"model": "admin.logentry", "pk": 21, "fields": {"action_time": "2024-11-12T17:55:31.028Z", "user": 1, "content_type": 10, "object_id": "7", "object_repr": "Gramíneas", "action_flag": 1, "change_message": "[{\"added\": {}}]"}}, {"model": "admin.logentry", "pk": 22, "fields": {"action_time": "2024-11-12T17:55:35.371Z", "user": 1, "content_type": 10, "object_id": "8", "object_repr": "Hidratos", "action_flag": 1, "change_message": "[{\"added\": {}}]"}}, {"model": "admin.logentry", "pk": 23, "fields": {"action_time": "2024-11-12T17:55:38.675Z", "user": 1, "content_type": 10, "object_id": "9", "object_repr": "Legumbre", "action_flag": 1, "change_message": "[{\"added\": {}}]"}}, {"model": "admin.logentry", "pk": 24, "fields": {"action_time": "2024-11-12T17:55:42.292Z", "user": 1, "content_type": 10, "object_id": "10", "object_repr": "Masa", "action_flag": 1, "change_message": "[{\"added\": {}}]"}}, {"model": "admin.logentry", "pk": 25, "fields": {"action_time": "2024-11-12T17:55:45.164Z", "user": 1, "content_type": 10, "object_id": "11", "object_repr": "Salsa", "action_flag": 1, "change_message": "[{\"added\": {}}]"}}, {"model": "admin.logentry", "pk": 26, "fields": {"action_time": "2024-11-12T17:55:47.876Z", "user": 1, "content_type": 10, "object_id": "12", "object_repr": "Verdura", "action_flag": 1, "change_message": "[{\"added\": {}}]"}}, {"model": "admin.logentry", "pk": 27, "fields": {"action_time": "2024-11-12T17:55:59.516Z", "user": 1, "content_type": 13, "object_id": "1", "object_repr": "ANTOJITOS", "action_flag": 1, "change_message": "[{\"added\": {}}]"}}, {"model": "admin.logentry", "pk": 28, "fields": {"action_time": "2024-11-12T17:56:03.147Z", "user": 1, "content_type": 13, "object_id": "2", "object_repr": "BARBACOA", "action_flag": 1, "change_message": "[{\"added\": {}}]"}}, {"model": "admin.logentry", "pk": 29, "fields": {"action_time": "2024-11-12T17:56:09.308Z", "user": 1, "content_type": 13, "object_id": "3", "object_repr": "ENCHILADAS", "action_flag": 1, "change_message": "[{\"added\": {}}]"}}, {"model": "admin.logentry", "pk": 30, "fields": {"action_time": "2024-11-12T17:56:13.149Z", "user": 1, "content_type": 13, "object_id": "4", "object_repr": "ENSALADAS", "action_flag": 1, "change_message": "[{\"added\": {}}]"}}, {"model": "admin.logentry", "pk": 31, "fields": {"action_time": "2024-11-12T17:56:16.085Z", "user": 1, "content_type": 13, "object_id": "5", "object_repr": "ESPECIALIDADES", "action_flag": 1, "change_message": "[{\"added\": {}}]"}}, {"model": "admin.logentry", "pk": 32, "fields": {"action_time": "2024-11-12T17:56:19.528Z", "user": 1, "content_type": 13, "object_id": "6", "object_repr": "FAJITAS", "action_flag": 1, "change_message": "[{\"added\": {}}]"}}, {"model": "admin.logentry", "pk": 33, "fields": {"action_time": "2024-11-12T17:56:23.540Z", "user": 1, "content_type": 13, "object_id": "7", "object_repr": "POSTRES", "action_flag": 1, "change_message": "[{\"added\": {}}]"}}, {"model": "admin.logentry", "pk": 34, "fields": {"action_time": "2024-11-12T17:56:27.172Z", "user": 1, "content_type": 13, "object_id": "8", "object_repr": "TACOS", "action_flag": 1, "change_message": "[{\"added\": {}}]"}}, {"model": "admin.logentry", "pk": 35, "fields": {"action_time": "2024-11-12T17:56:30.589Z", "user": 1, "content_type": 13, "object_id": "9", "object_repr": "TAPAS", "action_flag": 1, "change_message": "[{\"added\": {}}]"}}, {"model": "admin.logentry", "pk": 36, "fields": {"action_time": "2024-11-12T18:00:07.503Z", "user": 1, "content_type": 9, "object_id": "1", "object_repr": "Pollo", "action_flag": 1, "change_message": "[{\"added\": {}}]"}}, {"model": "admin.logentry", "pk": 37, "fields": {"action_time": "2024-11-12T18:00:20.511Z", "user": 1, "content_type": 7, "object_id": "1", "object_repr": "asdad", "action_flag": 1, "change_message": "[{\"added\": {}}]"}}, {"model": "admin.logentry", "pk": 38, "fields": {"action_time": "2024-11-12T18:00:54.814Z", "user": 1, "content_type": 7, "object_id": "1", "object_repr": "asdad", "action_flag": 3, "change_message": ""}}, {"model": "admin.logentry", "pk": 39, "fields": {"action_time": "2024-11-12T18:04:53.887Z", "user": 1, "content_type": 11, "object_id": "4", "object_repr": "Cuervo", "action_flag": 1, "change_message": "[{\"added\": {}}]"}}, {"model": "admin.logentry", "pk": 40, "fields": {"action_time": "2024-11-12T18:05:46.407Z", "user": 1, "content_type": 11, "object_id": "5", "object_repr": "Margarita Limon (Cocktel)", "action_flag": 1, "change_message": "[{\"added\": {}}]"}}, {"model": "admin.logentry", "pk": 41, "fields": {"action_time": "2024-11-12T18:06:02.544Z", "user": 1, "content_type": 11, "object_id": "6", "object_repr": "Margarita Limon (Cocktel)", "action_flag": 1, "change_message": "[{\"added\": {}}]"}}, {"model": "admin.logentry", "pk": 42, "fields": {"action_time": "2024-11-12T18:07:24.657Z", "user": 1, "content_type": 11, "object_id": "7", "object_repr": "Cerveza de barril (Grande)", "action_flag": 1, "change_message": "[{\"added\": {}}]"}}, {"model": "admin.logentry", "pk": 43, "fields": {"action_time": "2024-11-12T18:10:24.675Z", "user": 1, "content_type": 11, "object_id": "8", "object_repr": "Cerveza de barril (Mediana)", "action_flag": 1, "change_message": "[{\"added\": {}}]"}}, {"model": "admin.logentry", "pk": 44, "fields": {"action_time": "2024-11-12T18:11:11.554Z", "user": 1, "content_type": 11, "object_id": "9", "object_repr": "Coronita", "action_flag": 1, "change_message": "[{\"added\": {}}]"}}, {"model": "admin.logentry", "pk": 45, "fields": {"action_time": "2024-11-12T18:11:22.140Z", "user": 1, "content_type": 11, "object_id": "10", "object_repr": "Mode", "action_flag": 1, "change_message": "[{\"added\": {}}]"}}, {"model": "admin.logentry", "pk": 46, "fields": {"action_time": "2024-11-12T18:11:44.687Z", "user": 1, "content_type": 11, "object_id": "10", "object_repr": "Modelo Especial", "action_flag": 2, "change_message": "[{\"changed\": {\"fields\": [\"Nom bebida\", \"Precio bebida\", \"Tipo bebi\", \"Image\"]}}]"}}, {"model": "admin.logentry", "pk": 47, "fields": {"action_time": "2024-11-12T18:13:00.724Z", "user": 1, "content_type": 11, "object_id": "11", "object_repr": "Pacífico", "action_flag": 1, "change_message": "[{\"added\": {}}]"}}, {"model": "admin.logentry", "pk": 48, "fields": {"action_time": "2024-11-12T18:13:25.215Z", "user": 1, "content_type": 11, "object_id": "12", "object_repr": "Negra Modelo", "action_flag": 1, "change_message": "[{\"added\": {}}]"}}, {"model": "admin.logentry", "pk": 49, "fields": {"action_time": "2024-11-12T18:14:03.685Z", "user": 1, "content_type": 11, "object_id": "13", "object_repr": "Cruzcampo", "action_flag": 1, "change_message": "[{\"added\": {}}]"}}, {"model": "admin.logentry", "pk": 50, "fields": {"action_time": "2024-11-12T18:14:44.691Z", "user": 1, "content_type": 11, "object_id": "14", "object_repr": "Rioja (Copa)", "action_flag": 1, "change_message": "[{\"added\": {}}]"}}, {"model": "admin.logentry", "pk": 51, "fields": {"action_time": "2024-11-12T18:15:13.007Z", "user": 1, "content_type": 11, "object_id": "15", "object_repr": "Rioja (Botella)", "action_flag": 1, "change_message": "[{\"added\": {}}]"}}, {"model": "admin.logentry", "pk": 52, "fields": {"action_time": "2024-11-12T18:15:39.289Z", "user": 1, "content_type": 11, "object_id": "16", "object_repr": "Agua", "action_flag": 1, "change_message": "[{\"added\": {}}]"}}, {"model": "admin.logentry", "pk": 53, "fields": {"action_time": "2024-11-12T18:16:33.997Z", "user": 1, "content_type": 11, "object_id": "17", "object_repr": "Pepsi", "action_flag": 1, "change_message": "[{\"added\": {}}]"}}, {"model": "admin.logentry", "pk": 54, "fields": {"action_time": "2024-11-12T18:16:59.870Z", "user": 1, "content_type": 11, "object_id": "18", "object_repr": "Pep Zero", "action_flag": 1, "change_message": "[{\"added\": {}}]"}}, {"model": "admin.logentry", "pk": 55, "fields": {"action_time": "2024-11-12T18:17:21.600Z", "user": 1, "content_type": 11, "object_id": "19", "object_repr": "Pepsi Sin Cafeina", "action_flag": 1, "change_message": "[{\"added\": {}}]"}}, {"model": "admin.logentry", "pk": 56, "fields": {"action_time": "2024-11-12T18:17:38.058Z", "user": 1, "content_type": 11, "object_id": "20", "object_repr": "kas", "action_flag": 1, "change_message": "[{\"added\": {}}]"}}, {"model": "admin.logentry", "pk": 57, "fields": {"action_time": "2024-11-12T18:18:04.897Z", "user": 1, "content_type": 11, "object_id": "21", "object_repr": "Ice Tea", "action_flag": 1, "change_message": "[{\"added\": {}}]"}}, {"model": "admin.logentry", "pk": 58, "fields": {"action_time": "2024-11-12T18:18:52.876Z", "user": 1, "content_type": 11, "object_id": "22", "object_repr": "Heineken", "action_flag": 1, "change_message": "[{\"added\": {}}]"}}, {"model": "admin.logentry", "pk": 59, "fields": {"action_time": "2024-11-12T18:20:08.217Z", "user": 1, "content_type": 11, "object_id": "20", "object_repr": "kas", "action_flag": 2, "change_message": "[{\"changed\": {\"fields\": [\"Image\"]}}]"}}, {"model": "admin.logentry", "pk": 60, "fields": {"action_time": "2024-11-12T18:21:07.975Z", "user": 1, "content_type": 11, "object_id": "23", "object_repr": "Aquarade Limón", "action_flag": 1, "change_message": "[{\"added\": {}}]"}}, {"model": "admin.logentry", "pk": 61, "fields": {"action_time": "2024-11-12T18:21:19.364Z", "user": 1, "content_type": 11, "object_id": "23", "object_repr": "Aquarade Limón", "action_flag": 2, "change_message": "[{\"changed\": {\"fields\": [\"Precio bebida\"]}}]"}}, {"model": "admin.logentry", "pk": 62, "fields": {"action_time": "2024-11-12T18:21:37.036Z", "user": 1, "content_type": 11, "object_id": "24", "object_repr": "Aquarade Naranja", "action_flag": 1, "change_message": "[{\"added\": {}}]"}}, {"model": "admin.logentry", "pk": 63, "fields": {"action_time": "2024-11-12T18:22:11.989Z", "user": 1, "content_type": 11, "object_id": "25", "object_repr": "RADICAL Frutas del Bosque", "action_flag": 1, "change_message": "[{\"added\": {}}]"}}, {"model": "admin.logentry", "pk": 64, "fields": {"action_time": "2024-11-12T18:23:06.441Z", "user": 1, "content_type": 11, "object_id": "10", "object_repr": "Modelo Especial", "action_flag": 2, "change_message": "[{\"changed\": {\"fields\": [\"Image\"]}}]"}}, {"model": "admin.logentry", "pk": 65, "fields": {"action_time": "2024-11-12T18:24:38.809Z", "user": 1, "content_type": 9, "object_id": "2", "object_repr": "Carne de taco", "action_flag": 1, "change_message": "[{\"added\": {}}]"}}, {"model": "admin.logentry", "pk": 66, "fields": {"action_time": "2024-11-12T18:24:52.014Z", "user": 1, "content_type": 9, "object_id": "3", "object_repr": "Alitas", "action_flag": 1, "change_message": "[{\"added\": {}}]"}}, {"model": "admin.logentry", "pk": 67, "fields": {"action_time": "2024-11-12T18:25:19.362Z", "user": 1, "content_type": 9, "object_id": "4", "object_repr": "Jalapeño", "action_flag": 1, "change_message": "[{\"added\": {}}]"}}, {"model": "admin.logentry", "pk": 68, "fields": {"action_time": "2024-11-12T18:25:28.519Z", "user": 1, "content_type": 9, "object_id": "5", "object_repr": "Guacamole", "action_flag": 1, "change_message": "[{\"added\": {}}]"}}, {"model": "admin.logentry", "pk": 69, "fields": {"action_time": "2024-11-12T18:25:55.033Z", "user": 1, "content_type": 9, "object_id": "6", "object_repr": "Frijoles", "action_flag": 1, "change_message": "[{\"added\": {}}]"}}, {"model": "admin.logentry", "pk": 70, "fields": {"action_time": "2024-11-12T18:26:05.446Z", "user": 1, "content_type": 9, "object_id": "7", "object_repr": "Queso", "action_flag": 1, "change_message": "[{\"added\": {}}]"}}, {"model": "admin.logentry", "pk": 71, "fields": {"action_time": "2024-11-12T18:26:11.085Z", "user": 1, "content_type": 9, "object_id": "8", "object_repr": "Queso Cheddar", "action_flag": 1, "change_message": "[{\"added\": {}}]"}}, {"model": "admin.logentry", "pk": 72, "fields": {"action_time": "2024-11-12T18:26:15.066Z", "user": 1, "content_type": 9, "object_id": "8", "object_repr": "Queso Cheddar", "action_flag": 2, "change_message": "[{\"changed\": {\"fields\": [\"Tipo\"]}}]"}}, {"model": "admin.logentry", "pk": 73, "fields": {"action_time": "2024-11-12T18:26:30.592Z", "user": 1, "content_type": 9, "object_id": "9", "object_repr": "Aguacate", "action_flag": 1, "change_message": "[{\"added\": {}}]"}}, {"model": "admin.logentry", "pk": 74, "fields": {"action_time": "2024-11-12T18:27:55.568Z", "user": 1, "content_type": 9, "object_id": "10", "object_repr": "Cebolla", "action_flag": 1, "change_message": "[{\"added\": {}}]"}}, {"model": "admin.logentry", "pk": 75, "fields": {"action_time": "2024-11-12T18:28:07.164Z", "user": 1, "content_type": 9, "object_id": "11", "object_repr": "Maiz", "action_flag": 1, "change_message": "[{\"added\": {}}]"}}, {"model": "admin.logentry", "pk": 76, "fields": {"action_time": "2024-11-12T18:28:24.880Z", "user": 1, "content_type": 9, "object_id": "12", "object_repr": "Nuggets", "action_flag": 1, "change_message": "[{\"added\": {}}]"}}, {"model": "admin.logentry", "pk": 77, "fields": {"action_time": "2024-11-12T18:28:32.266Z", "user": 1, "content_type": 9, "object_id": "13", "object_repr": "Fingers", "action_flag": 1, "change_message": "[{\"added\": {}}]"}}, {"model": "admin.logentry", "pk": 78, "fields": {"action_time": "2024-11-12T18:31:58.145Z", "user": 1, "content_type": 9, "object_id": "14", "object_repr": "Roquefort", "action_flag": 1, "change_message": "[{\"added\": {}}]"}}, {"model": "admin.logentry", "pk": 79, "fields": {"action_time": "2024-11-12T18:32:20.295Z", "user": 1, "content_type": 9, "object_id": "15", "object_repr": "Lechuga", "action_flag": 1, "change_message": "[{\"added\": {}}]"}}, {"model": "admin.logentry", "pk": 80, "fields": {"action_time": "2024-11-12T18:32:30.566Z", "user": 1, "content_type": 9, "object_id": "16", "object_repr": "Tomate", "action_flag": 1, "change_message": "[{\"added\": {}}]"}}, {"model": "admin.logentry", "pk": 81, "fields": {"action_time": "2024-11-12T18:32:52.364Z", "user": 1, "content_type": 9, "object_id": "17", "object_repr": "Sour Cream", "action_flag": 1, "change_message": "[{\"added\": {}}]"}}, {"model": "admin.logentry", "pk": 82, "fields": {"action_time": "2024-11-12T18:33:43.246Z", "user": 1, "content_type": 9, "object_id": "18", "object_repr": "Tortas", "action_flag": 1, "change_message": "[{\"added\": {}}]"}}, {"model": "admin.logentry", "pk": 83, "fields": {"action_time": "2024-11-12T18:33:51.903Z", "user": 1, "content_type": 9, "object_id": "19", "object_repr": "Salsa verde", "action_flag": 1, "change_message": "[{\"added\": {}}]"}}, {"model": "admin.logentry", "pk": 84, "fields": {"action_time": "2024-11-12T18:34:03.763Z", "user": 1, "content_type": 9, "object_id": "20", "object_repr": "Pimi", "action_flag": 1, "change_message": "[{\"added\": {}}]"}}, {"model": "admin.logentry", "pk": 85, "fields": {"action_time": "2024-11-12T18:34:08.698Z", "user": 1, "content_type": 9, "object_id": "20", "object_repr": "Pimiento", "action_flag": 2, "change_message": "[{\"changed\": {\"fields\": [\"Nombre ingrediente\"]}}]"}}, {"model": "admin.logentry", "pk": 86, "fields": {"action_time": "2024-11-12T18:34:33.298Z", "user": 1, "content_type": 9, "object_id": "21", "object_repr": "Arroz", "action_flag": 1, "change_message": "[{\"added\": {}}]"}}, {"model": "admin.logentry", "pk": 87, "fields": {"action_time": "2024-11-12T18:34:50.208Z", "user": 1, "content_type": 9, "object_id": "22", "object_repr": "Pan de Ajo", "action_flag": 1, "change_message": "[{\"added\": {}}]"}}, {"model": "admin.logentry", "pk": 88, "fields": {"action_time": "2024-11-12T18:35:42.122Z", "user": 1, "content_type": 9, "object_id": "23", "object_repr": "Torta de arina", "action_flag": 1, "change_message": "[{\"added\": {}}]"}}, {"model": "admin.logentry", "pk": 89, "fields": {"action_time": "2024-11-12T18:36:54.165Z", "user": 1, "content_type": 9, "object_id": "24", "object_repr": "Barbacoa", "action_flag": 1, "change_message": "[{\"added\": {}}]"}}, {"model": "admin.logentry", "pk": 90, "fields": {"action_time": "2024-11-15T15:44:56.566Z", "user": 1, "content_type": 7, "object_id": "2", "object_repr": "Nachos con queso al horno (Media)", "action_flag": 1, "change_message": "[{\"added\": {}}]"}}, {"model": "admin.logentry", "pk": 91, "fields": {"action_time": "2024-11-15T15:45:13.913Z", "user": 1, "content_type": 7, "object_id": "3", "object_repr": "Nachos con queso al horno (Ración)", "action_flag": 1, "change_message": "[{\"added\": {}}]"}}, {"model": "admin.logentry", "pk": 92, "fields": {"action_time": "2024-11-15T15:46:08.813Z", "user": 1, "content_type": 7, "object_id": "4", "object_repr": "Nachos con queso al horno Jalapeños (Media)", "action_flag": 1, "change_message": "[{\"added\": {}}]"}}, {"model": "admin.logentry", "pk": 93, "fields": {"action_time": "2024-11-15T15:46:32.413Z", "user": 1, "content_type": 7, "object_id": "5", "object_repr": "Nachos con queso al horno Jalapeños (Ración)", "action_flag": 1, "change_message": "[{\"added\": {}}]"}}, {"model": "admin.logentry", "pk": 94, "fields": {"action_time": "2024-11-15T15:47:25.513Z", "user": 1, "content_type": 7, "object_id": "6", "object_repr": "Nachos con queso al horno Guacamole (Media)", "action_flag": 1, "change_message": "[{\"added\": {}}]"}}, {"model": "admin.logentry", "pk": 95, "fields": {"action_time": "2024-11-15T15:47:43.427Z", "user": 1, "content_type": 7, "object_id": "7", "object_repr": "Nachos con queso al horno Guacamole (Media)", "action_flag": 1, "change_message": "[{\"added\": {}}]"}}, {"model": "admin.logentry", "pk": 96, "fields": {"action_time": "2024-11-15T15:48:07.229Z", "user": 1, "content_type": 7, "object_id": "7", "object_repr": "Nachos con queso al horno Guacamole (Ración)", "action_flag": 2, "change_message": "[{\"changed\": {\"fields\": [\"Nombre plato\"]}}]"}}, {"model": "admin.logentry", "pk": 97, "fields": {"action_time": "2024-11-15T15:48:29.921Z", "user": 1, "content_type": 7, "object_id": "8", "object_repr": "Nachos con queso al horno Frijoles (Media)", "action_flag": 1, "change_message": "[{\"added\": {}}]"}}, {"model": "admin.logentry", "pk": 98, "fields": {"action_time": "2024-11-15T15:49:02.939Z", "user": 1, "content_type": 7, "object_id": "9", "object_repr": "Nachos con queso al horno Frijoles (Ración)", "action_flag": 1, "change_message": "[{\"added\": {}}]"}}, {"model": "admin.logentry", "pk": 99, "fields": {"action_time": "2024-11-15T15:49:30.091Z", "user": 1, "content_type": 7, "object_id": "10", "object_repr": "Nachos con queso al horno Carne (Media)", "action_flag": 1, "change_message": "[{\"added\": {}}]"}}, {"model": "admin.logentry", "pk": 100, "fields": {"action_time": "2024-11-15T15:49:48.027Z", "user": 1, "content_type": 7, "object_id": "11", "object_repr": "Nachos con queso al horno Carne (Ración)", "action_flag": 1, "change_message": "[{\"added\": {}}]"}}, {"model": "admin.logentry", "pk": 101, "fields": {"action_time": "2024-11-15T15:50:04.227Z", "user": 1, "content_type": 7, "object_id": "12", "object_repr": "Nachos con queso al horno Pollo (Media)", "action_flag": 1, "change_message": "[{\"added\": {}}]"}}, {"model": "admin.logentry", "pk": 102, "fields": {"action_time": "2024-11-15T15:50:22.488Z", "user": 1, "content_type": 7, "object_id": "13", "object_repr": "Nachos con queso al horno Pollo (Ración)", "action_flag": 1, "change_message": "[{\"added\": {}}]"}}, {"model": "admin.logentry", "pk": 103, "fields": {"action_time": "2024-11-15T15:50:45.423Z", "user": 1, "content_type": 7, "object_id": "14", "object_repr": "Nachos con queso al horno (Media)", "action_flag": 1, "change_message": "[{\"added\": {}}]"}}, {"model": "admin.logentry", "pk": 104, "fields": {"action_time": "2024-11-15T15:51:26.420Z", "user": 1, "content_type": 7, "object_id": "15", "object_repr": "Nachos con queso al horno Sour Cream (Ración)", "action_flag": 1, "change_message": "[{\"added\": {}}]"}}, {"model": "admin.logentry", "pk": 105, "fields": {"action_time": "2024-11-15T15:51:33.991Z", "user": 1, "content_type": 7, "object_id": "14", "object_repr": "Nachos con queso al horno Sour Cream (Media)", "action_flag": 2, "change_message": "[{\"changed\": {\"fields\": [\"Nombre plato\"]}}]"}}, {"model": "admin.logentry", "pk": 106, "fields": {"action_time": "2024-11-15T15:52:11.735Z", "user": 1, "content_type": 7, "object_id": "16", "object_repr": "Nachos con queso al horno Extra Queso (Media)", "action_flag": 1, "change_message": "[{\"added\": {}}]"}}, {"model": "admin.logentry", "pk": 107, "fields": {"action_time": "2024-11-15T15:52:25.424Z", "user": 1, "content_type": 7, "object_id": "17", "object_repr": "Nachos con queso al horno Extra Queso (Ración)", "action_flag": 1, "change_message": "[{\"added\": {}}]"}}, {"model": "admin.logentry", "pk": 108, "fields": {"action_time": "2024-11-15T15:52:53.009Z", "user": 1, "content_type": 7, "object_id": "18", "object_repr": "Cuenco de Guacamole", "action_flag": 1, "change_message": "[{\"added\": {}}]"}}, {"model": "admin.logentry", "pk": 109, "fields": {"action_time": "2024-11-15T15:53:14.939Z", "user": 1, "content_type": 7, "object_id": "19", "object_repr": "Quesadilla", "action_flag": 1, "change_message": "[{\"added\": {}}]"}}, {"model": "admin.logentry", "pk": 110, "fields": {"action_time": "2024-11-15T15:53:30.289Z", "user": 1, "content_type": 7, "object_id": "20", "object_repr": "Mazorca de Maiz", "action_flag": 1, "change_message": "[{\"added\": {}}]"}}, {"model": "admin.logentry", "pk": 111, "fields": {"action_time": "2024-11-15T15:53:51.902Z", "user": 1, "content_type": 7, "object_id": "21", "object_repr": "Sour Cream", "action_flag": 1, "change_message": "[{\"added\": {}}]"}}, {"model": "admin.logentry", "pk": 112, "fields": {"action_time": "2024-11-15T15:54:18.718Z", "user": 1, "content_type": 7, "object_id": "22", "object_repr": "Nacho Chips y Salsa", "action_flag": 1, "change_message": "[{\"added\": {}}]"}}, {"model": "admin.logentry", "pk": 113, "fields": {"action_time": "2024-11-15T15:54:37.295Z", "user": 1, "content_type": 7, "object_id": "23", "object_repr": "Salsa adicional (Unid.)", "action_flag": 1, "change_message": "[{\"added\": {}}]"}}, {"model": "admin.logentry", "pk": 114, "fields": {"action_time": "2024-11-15T15:55:23.285Z", "user": 1, "content_type": 9, "object_id": "25", "object_repr": "Aros", "action_flag": 1, "change_message": "[{\"added\": {}}]"}}, {"model": "admin.logentry", "pk": 115, "fields": {"action_time": "2024-11-15T15:56:01.400Z", "user": 1, "content_type": 7, "object_id": "24", "object_repr": "Combo (20 Unids.)", "action_flag": 1, "change_message": "[{\"added\": {}}]"}}, {"model": "admin.logentry", "pk": 116, "fields": {"action_time": "2024-11-15T15:56:58.389Z", "user": 1, "content_type": 7, "object_id": "25", "object_repr": "Taco", "action_flag": 1, "change_message": "[{\"added\": {}}]"}}, {"model": "admin.logentry", "pk": 117, "fields": {"action_time": "2024-11-15T15:57:10.103Z", "user": 1, "content_type": 7, "object_id": "26", "object_repr": "Taco", "action_flag": 1, "change_message": "[{\"added\": {}}]"}}, {"model": "admin.logentry", "pk": 118, "fields": {"action_time": "2024-11-15T15:57:15.511Z", "user": 1, "content_type": 7, "object_id": "26", "object_repr": "Taco Blando", "action_flag": 2, "change_message": "[{\"changed\": {\"fields\": [\"Nombre plato\"]}}]"}}, {"model": "admin.logentry", "pk": 119, "fields": {"action_time": "2024-11-15T15:57:31.784Z", "user": 1, "content_type": 7, "object_id": "27", "object_repr": "Enhilada de Carne", "action_flag": 1, "change_message": "[{\"added\": {}}]"}}, {"model": "admin.logentry", "pk": 120, "fields": {"action_time": "2024-11-15T15:57:53.679Z", "user": 1, "content_type": 7, "object_id": "28", "object_repr": "Enchilada de Queso", "action_flag": 1, "change_message": "[{\"added\": {}}]"}}, {"model": "admin.logentry", "pk": 121, "fields": {"action_time": "2024-11-15T15:58:14.849Z", "user": 1, "content_type": 7, "object_id": "29", "object_repr": "Enchilada de Pollo", "action_flag": 1, "change_message": "[{\"added\": {}}]"}}, {"model": "admin.logentry", "pk": 122, "fields": {"action_time": "2024-11-15T15:58:35.656Z", "user": 1, "content_type": 7, "object_id": "30", "object_repr": "Enchilada Canalla", "action_flag": 1, "change_message": "[{\"added\": {}}]"}}, {"model": "admin.logentry", "pk": 123, "fields": {"action_time": "2024-11-15T15:59:02.087Z", "user": 1, "content_type": 7, "object_id": "31", "object_repr": "Burrito", "action_flag": 1, "change_message": "[{\"added\": {}}]"}}, {"model": "admin.logentry", "pk": 124, "fields": {"action_time": "2024-11-15T15:59:28.215Z", "user": 1, "content_type": 7, "object_id": "32", "object_repr": "Burrito", "action_flag": 1, "change_message": "[{\"added\": {}}]"}}, {"model": "admin.logentry", "pk": 125, "fields": {"action_time": "2024-11-15T15:59:46.473Z", "user": 1, "content_type": 7, "object_id": "33", "object_repr": "Quesadilla", "action_flag": 1, "change_message": "[{\"added\": {}}]"}}, {"model": "admin.logentry", "pk": 126, "fields": {"action_time": "2024-11-15T15:59:56.843Z", "user": 1, "content_type": 7, "object_id": "34", "object_repr": "Chalupa", "action_flag": 1, "change_message": "[{\"added\": {}}]"}}, {"model": "admin.logentry", "pk": 127, "fields": {"action_time": "2024-11-15T16:00:59.017Z", "user": 1, "content_type": 9, "object_id": "26", "object_repr": "Chile", "action_flag": 1, "change_message": "[{\"added\": {}}]"}}, {"model": "admin.logentry", "pk": 128, "fields": {"action_time": "2024-11-15T16:01:11.318Z", "user": 1, "content_type": 7, "object_id": "35", "object_repr": "Perrito Caliente con Chile", "action_flag": 1, "change_message": "[{\"added\": {}}]"}}, {"model": "admin.logentry", "pk": 129, "fields": {"action_time": "2024-11-15T16:01:30.145Z", "user": 1, "content_type": 7, "object_id": "36", "object_repr": "Jalapeños", "action_flag": 1, "change_message": "[{\"added\": {}}]"}}, {"model": "admin.logentry", "pk": 130, "fields": {"action_time": "2024-11-15T16:02:09.832Z", "user": 1, "content_type": 7, "object_id": "37", "object_repr": "Tortas de harina (Flour tortillas)", "action_flag": 1, "change_message": "[{\"added\": {}}]"}}, {"model": "admin.logentry", "pk": 131, "fields": {"action_time": "2024-11-15T16:02:23.379Z", "user": 1, "content_type": 9, "object_id": "23", "object_repr": "Torta de Harina", "action_flag": 2, "change_message": "[{\"changed\": {\"fields\": [\"Nombre ingrediente\"]}}]"}}, {"model": "admin.logentry", "pk": 132, "fields": {"action_time": "2024-11-15T16:03:40.018Z", "user": 1, "content_type": 7, "object_id": "38", "object_repr": "Cobb Salad", "action_flag": 1, "change_message": "[{\"added\": {}}]"}}, {"model": "admin.logentry", "pk": 133, "fields": {"action_time": "2024-11-15T16:03:52.909Z", "user": 1, "content_type": 9, "object_id": "27", "object_repr": "Zanahoria", "action_flag": 1, "change_message": "[{\"added\": {}}]"}}, {"model": "admin.logentry", "pk": 134, "fields": {"action_time": "2024-11-15T16:03:58.498Z", "user": 1, "content_type": 9, "object_id": "28", "object_repr": "Pepino", "action_flag": 1, "change_message": "[{\"added\": {}}]"}}, {"model": "admin.logentry", "pk": 135, "fields": {"action_time": "2024-11-15T16:04:08.777Z", "user": 1, "content_type": 7, "object_id": "38", "object_repr": "Cobb Salad", "action_flag": 2, "change_message": "[{\"changed\": {\"fields\": [\"Ingredientes\"]}}]"}}, {"model": "admin.logentry", "pk": 136, "fields": {"action_time": "2024-11-15T16:05:11.929Z", "user": 1, "content_type": 7, "object_id": "39", "object_repr": "Taco Salad", "action_flag": 1, "change_message": "[{\"added\": {}}]"}}, {"model": "admin.logentry", "pk": 137, "fields": {"action_time": "2024-11-15T16:05:45.362Z", "user": 1, "content_type": 7, "object_id": "40", "object_repr": "Ensalada de Guacamole", "action_flag": 1, "change_message": "[{\"added\": {}}]"}}, {"model": "admin.logentry", "pk": 138, "fields": {"action_time": "2024-11-15T16:06:11.524Z", "user": 1, "content_type": 7, "object_id": "41", "object_repr": "Ensalada LTC", "action_flag": 1, "change_message": "[{\"added\": {}}]"}}, {"model": "admin.logentry", "pk": 139, "fields": {"action_time": "2024-11-15T16:07:17.284Z", "user": 1, "content_type": 7, "object_id": "42", "object_repr": "Enchilada de Carne (Media)", "action_flag": 1, "change_message": "[{\"added\": {}}]"}}, {"model": "admin.logentry", "pk": 140, "fields": {"action_time": "2024-11-15T16:07:28.589Z", "user": 1, "content_type": 9, "object_id": "29", "object_repr": "Salsa Especial", "action_flag": 1, "change_message": "[{\"added\": {}}]"}}, {"model": "admin.logentry", "pk": 141, "fields": {"action_time": "2024-11-15T16:07:34.824Z", "user": 1, "content_type": 7, "object_id": "42", "object_repr": "Enchilada de Carne (Media)", "action_flag": 2, "change_message": "[{\"changed\": {\"fields\": [\"Ingredientes\"]}}]"}}, {"model": "admin.logentry", "pk": 142, "fields": {"action_time": "2024-11-15T16:08:14.832Z", "user": 1, "content_type": 7, "object_id": "43", "object_repr": "Enchilada de Carne (Ración)", "action_flag": 1, "change_message": "[{\"added\": {}}]"}}, {"model": "admin.logentry", "pk": 143, "fields": {"action_time": "2024-11-15T16:08:34.004Z", "user": 1, "content_type": 7, "object_id": "44", "object_repr": "Enchilada de Queso (Media)", "action_flag": 1, "change_message": "[{\"added\": {}}]"}}, {"model": "admin.logentry", "pk": 144, "fields": {"action_time": "2024-11-15T16:08:57.978Z", "user": 1, "content_type": 7, "object_id": "45", "object_repr": "Enchilada de Queso (Ración)", "action_flag": 1, "change_message": "[{\"added\": {}}]"}}, {"model": "admin.logentry", "pk": 145, "fields": {"action_time": "2024-11-15T16:09:32.284Z", "user": 1, "content_type": 7, "object_id": "46", "object_repr": "Enchilada de Pollo (Media)", "action_flag": 1, "change_message": "[{\"added\": {}}]"}}, {"model": "admin.logentry", "pk": 146, "fields": {"action_time": "2024-11-15T16:10:08.403Z", "user": 1, "content_type": 7, "object_id": "47", "object_repr": "Enchilada de Pollo (Ración)", "action_flag": 1, "change_message": "[{\"added\": {}}]"}}, {"model": "admin.logentry", "pk": 147, "fields": {"action_time": "2024-11-15T16:10:47.779Z", "user": 1, "content_type": 7, "object_id": "48", "object_repr": "Enchilada Picosa ¡HOT! (Ración)", "action_flag": 1, "change_message": "[{\"added\": {}}]"}}, {"model": "admin.logentry", "pk": 148, "fields": {"action_time": "2024-11-15T16:11:40.046Z", "user": 1, "content_type": 7, "object_id": "49", "object_repr": "Enchilada Canalla (Ración)", "action_flag": 1, "change_message": "[{\"added\": {}}]"}}, {"model": "admin.logentry", "pk": 149, "fields": {"action_time": "2024-11-15T16:11:51.505Z", "user": 1, "content_type": 9, "object_id": "30", "object_repr": "Creamy Chicken", "action_flag": 1, "change_message": "[{\"added\": {}}]"}}, {"model": "admin.logentry", "pk": 150, "fields": {"action_time": "2024-11-15T16:11:57.337Z", "user": 1, "content_type": 7, "object_id": "49", "object_repr": "Enchilada Canalla (Ración)", "action_flag": 2, "change_message": "[{\"changed\": {\"fields\": [\"Ingredientes\"]}}]"}}, {"model": "admin.logentry", "pk": 151, "fields": {"action_time": "2024-11-15T16:12:14.466Z", "user": 1, "content_type": 7, "object_id": "37", "object_repr": "Tortas de harina (Flour tortillas)", "action_flag": 2, "change_message": "[{\"changed\": {\"fields\": [\"Tipo comida\"]}}]"}}, {"model": "admin.logentry", "pk": 152, "fields": {"action_time": "2024-11-15T16:12:20.519Z", "user": 1, "content_type": 7, "object_id": "36", "object_repr": "Jalapeños", "action_flag": 2, "change_message": "[{\"changed\": {\"fields\": [\"Tipo comida\"]}}]"}}, {"model": "admin.logentry", "pk": 153, "fields": {"action_time": "2024-11-15T16:12:28.162Z", "user": 1, "content_type": 7, "object_id": "26", "object_repr": "Taco Blando", "action_flag": 2, "change_message": "[{\"changed\": {\"fields\": [\"Tipo comida\"]}}]"}}, {"model": "admin.logentry", "pk": 154, "fields": {"action_time": "2024-11-15T16:12:34.138Z", "user": 1, "content_type": 7, "object_id": "27", "object_repr": "Enhilada de Carne", "action_flag": 2, "change_message": "[{\"changed\": {\"fields\": [\"Tipo comida\"]}}]"}}, {"model": "admin.logentry", "pk": 155, "fields": {"action_time": "2024-11-15T16:12:40.034Z", "user": 1, "content_type": 7, "object_id": "37", "object_repr": "Tortas de harina (Flour tortillas)", "action_flag": 2, "change_message": "[]"}}, {"model": "admin.logentry", "pk": 156, "fields": {"action_time": "2024-11-15T16:12:46.088Z", "user": 1, "content_type": 7, "object_id": "35", "object_repr": "Perrito Caliente con Chile", "action_flag": 2, "change_message": "[{\"changed\": {\"fields\": [\"Tipo comida\"]}}]"}}, {"model": "admin.logentry", "pk": 157, "fields": {"action_time": "2024-11-15T16:12:52.497Z", "user": 1, "content_type": 7, "object_id": "34", "object_repr": "Chalupa", "action_flag": 2, "change_message": "[{\"changed\": {\"fields\": [\"Tipo comida\"]}}]"}}, {"model": "admin.logentry", "pk": 158, "fields": {"action_time": "2024-11-15T16:12:59.362Z", "user": 1, "content_type": 7, "object_id": "33", "object_repr": "Quesadilla", "action_flag": 2, "change_message": "[{\"changed\": {\"fields\": [\"Tipo comida\"]}}]"}}, {"model": "admin.logentry", "pk": 159, "fields": {"action_time": "2024-11-15T16:13:05.437Z", "user": 1, "content_type": 7, "object_id": "32", "object_repr": "Burrito", "action_flag": 2, "change_message": "[{\"changed\": {\"fields\": [\"Tipo comida\"]}}]"}}, {"model": "admin.logentry", "pk": 160, "fields": {"action_time": "2024-11-15T16:13:12.067Z", "user": 1, "content_type": 7, "object_id": "31", "object_repr": "Burrito", "action_flag": 2, "change_message": "[{\"changed\": {\"fields\": [\"Tipo comida\"]}}]"}}, {"model": "admin.logentry", "pk": 161, "fields": {"action_time": "2024-11-15T16:13:17.531Z", "user": 1, "content_type": 7, "object_id": "30", "object_repr": "Enchilada Canalla", "action_flag": 2, "change_message": "[{\"changed\": {\"fields\": [\"Tipo comida\"]}}]"}}, {"model": "admin.logentry", "pk": 162, "fields": {"action_time": "2024-11-15T16:13:22.991Z", "user": 1, "content_type": 7, "object_id": "29", "object_repr": "Enchilada de Pollo", "action_flag": 2, "change_message": "[{\"changed\": {\"fields\": [\"Tipo comida\"]}}]"}}, {"model": "admin.logentry", "pk": 163, "fields": {"action_time": "2024-11-15T16:13:28.216Z", "user": 1, "content_type": 7, "object_id": "28", "object_repr": "Enchilada de Queso", "action_flag": 2, "change_message": "[{\"changed\": {\"fields\": [\"Tipo comida\"]}}]"}}, {"model": "admin.logentry", "pk": 164, "fields": {"action_time": "2024-11-15T16:14:07.564Z", "user": 1, "content_type": 7, "object_id": "50", "object_repr": "Tacos Crujientes (Media)", "action_flag": 1, "change_message": "[{\"added\": {}}]"}}, {"model": "admin.logentry", "pk": 165, "fields": {"action_time": "2024-11-15T16:14:29.854Z", "user": 1, "content_type": 7, "object_id": "51", "object_repr": "Tacos Crujientes (Ración)", "action_flag": 1, "change_message": "[{\"added\": {}}]"}}, {"model": "admin.logentry", "pk": 166, "fields": {"action_time": "2024-11-15T16:14:55.528Z", "user": 1, "content_type": 7, "object_id": "52", "object_repr": "Tacos Blandos", "action_flag": 1, "change_message": "[{\"added\": {}}]"}}, {"model": "admin.logentry", "pk": 167, "fields": {"action_time": "2024-11-15T16:15:07.578Z", "user": 1, "content_type": 7, "object_id": "52", "object_repr": "Tacos Blandos (Media)", "action_flag": 2, "change_message": "[{\"changed\": {\"fields\": [\"Nombre plato\"]}}]"}}, {"model": "admin.logentry", "pk": 168, "fields": {"action_time": "2024-11-15T16:15:31.854Z", "user": 1, "content_type": 7, "object_id": "53", "object_repr": "Tacos Blandos (Ración)", "action_flag": 1, "change_message": "[{\"added\": {}}]"}}, {"model": "admin.logentry", "pk": 169, "fields": {"action_time": "2024-11-15T16:16:29.475Z", "user": 1, "content_type": 7, "object_id": "54", "object_repr": "Fajita de Ternera o Pollo (6 Tortas)", "action_flag": 1, "change_message": "[{\"added\": {}}]"}}, {"model": "admin.logentry", "pk": 170, "fields": {"action_time": "2024-11-15T16:16:36.789Z", "user": 1, "content_type": 9, "object_id": "31", "object_repr": "Ternera", "action_flag": 1, "change_message": "[{\"added\": {}}]"}}, {"model": "admin.logentry", "pk": 171, "fields": {"action_time": "2024-11-15T16:16:42.246Z", "user": 1, "content_type": 7, "object_id": "54", "object_repr": "Fajita de Ternera o Pollo (6 Tortas)", "action_flag": 2, "change_message": "[{\"changed\": {\"fields\": [\"Ingredientes\"]}}]"}}, {"model": "admin.logentry", "pk": 172, "fields": {"action_time": "2024-11-15T16:17:19.322Z", "user": 1, "content_type": 7, "object_id": "55", "object_repr": "1/2 Fajita de Ternera o Pollo (3 Tortas)", "action_flag": 1, "change_message": "[{\"added\": {}}]"}}, {"model": "admin.logentry", "pk": 173, "fields": {"action_time": "2024-11-15T16:17:31.311Z", "user": 1, "content_type": 7, "object_id": "54", "object_repr": "Fajita de Ternera o Pollo (6 Tortas)", "action_flag": 2, "change_message": "[{\"changed\": {\"fields\": [\"Ingredientes\"]}}]"}}, {"model": "admin.logentry", "pk": 174, "fields": {"action_time": "2024-11-15T16:17:35.469Z", "user": 1, "content_type": 7, "object_id": "55", "object_repr": "1/2 Fajita de Ternera o Pollo (3 Tortas)", "action_flag": 2, "change_message": "[{\"changed\": {\"fields\": [\"Ingredientes\"]}}]"}}, {"model": "admin.logentry", "pk": 175, "fields": {"action_time": "2024-11-15T16:18:09.872Z", "user": 1, "content_type": 7, "object_id": "56", "object_repr": "Costillas a la Barbacoa", "action_flag": 1, "change_message": "[{\"added\": {}}]"}}, {"model": "admin.logentry", "pk": 176, "fields": {"action_time": "2024-11-15T16:18:34.397Z", "user": 1, "content_type": 7, "object_id": "57", "object_repr": "Pollo a la Barbacoa", "action_flag": 1, "change_message": "[{\"added\": {}}]"}}, {"model": "admin.logentry", "pk": 177, "fields": {"action_time": "2024-11-15T16:18:39.973Z", "user": 1, "content_type": 9, "object_id": "32", "object_repr": "Costilla", "action_flag": 1, "change_message": "[{\"added\": {}}]"}}, {"model": "admin.logentry", "pk": 178, "fields": {"action_time": "2024-11-15T16:18:47.157Z", "user": 1, "content_type": 7, "object_id": "56", "object_repr": "Costillas a la Barbacoa", "action_flag": 2, "change_message": "[{\"changed\": {\"fields\": [\"Ingredientes\"]}}]"}}, {"model": "admin.logentry", "pk": 179, "fields": {"action_time": "2024-11-19T16:47:52.092Z", "user": 1, "content_type": 7, "object_id": "58", "object_repr": "Fuente Bernadette", "action_flag": 1, "change_message": "[{\"added\": {}}]"}}, {"model": "admin.logentry", "pk": 180, "fields": {"action_time": "2024-11-19T16:48:14.819Z", "user": 1, "content_type": 9, "object_id": "33", "object_repr": "Burrito", "action_flag": 1, "change_message": "[{\"added\": {}}]"}}, {"model": "admin.logentry", "pk": 181, "fields": {"action_time": "2024-11-19T16:48:20.549Z", "user": 1, "content_type": 9, "object_id": "34", "object_repr": "Taco", "action_flag": 1, "change_message": "[{\"added\": {}}]"}}, {"model": "admin.logentry", "pk": 182, "fields": {"action_time": "2024-11-19T16:48:28.529Z", "user": 1, "content_type": 9, "object_id": "35", "object_repr": "Enchilada", "action_flag": 1, "change_message": "[{\"added\": {}}]"}}, {"model": "admin.logentry", "pk": 183, "fields": {"action_time": "2024-11-19T16:48:46.952Z", "user": 1, "content_type": 7, "object_id": "58", "object_repr": "Fuente Bernadette", "action_flag": 2, "change_message": "[{\"changed\": {\"fields\": [\"Ingredientes\"]}}]"}}, {"model": "admin.logentry", "pk": 184, "fields": {"action_time": "2024-11-19T16:49:25.118Z", "user": 1, "content_type": 7, "object_id": "59", "object_repr": "Fuente Brava", "action_flag": 1, "change_message": "[{\"added\": {}}]"}}, {"model": "admin.logentry", "pk": 185, "fields": {"action_time": "2024-11-19T16:50:12.680Z", "user": 1, "content_type": 7, "object_id": "60", "object_repr": "Fuente Méjico", "action_flag": 1, "change_message": "[{\"added\": {}}]"}}, {"model": "admin.logentry", "pk": 186, "fields": {"action_time": "2024-11-19T16:50:21.282Z", "user": 1, "content_type": 9, "object_id": "36", "object_repr": "Chalupa", "action_flag": 1, "change_message": "[{\"added\": {}}]"}}, {"model": "admin.logentry", "pk": 187, "fields": {"action_time": "2024-11-19T16:50:29.841Z", "user": 1, "content_type": 7, "object_id": "60", "object_repr": "Fuente Méjico", "action_flag": 2, "change_message": "[{\"changed\": {\"fields\": [\"Ingredientes\"]}}]"}}, {"model": "admin.logentry", "pk": 188, "fields": {"action_time": "2024-11-19T16:51:00.497Z", "user": 1, "content_type": 7, "object_id": "61", "object_repr": "Burritos (2)", "action_flag": 1, "change_message": "[{\"added\": {}}]"}}, {"model": "admin.logentry", "pk": 189, "fields": {"action_time": "2024-11-19T16:51:56.093Z", "user": 1, "content_type": 9, "object_id": "37", "object_repr": "Salsa de enchilada", "action_flag": 1, "change_message": "[{\"added\": {}}]"}}, {"model": "admin.logentry", "pk": 190, "fields": {"action_time": "2024-11-19T16:52:31.688Z", "user": 1, "content_type": 7, "object_id": "62", "object_repr": "Don Burrito (1 Kg)", "action_flag": 1, "change_message": "[{\"added\": {}}]"}}, {"model": "admin.logentry", "pk": 191, "fields": {"action_time": "2024-11-19T16:54:12.801Z", "user": 1, "content_type": 7, "object_id": "63", "object_repr": "Chalupas", "action_flag": 1, "change_message": "[{\"added\": {}}]"}}, {"model": "admin.logentry", "pk": 192, "fields": {"action_time": "2024-11-19T16:54:43.860Z", "user": 1, "content_type": 7, "object_id": "64", "object_repr": "Chili con Carne (Cuenco solo)", "action_flag": 1, "change_message": "[{\"added\": {}}]"}}, {"model": "admin.logentry", "pk": 193, "fields": {"action_time": "2024-11-19T16:55:34.935Z", "user": 1, "content_type": 7, "object_id": "65", "object_repr": "Sopa Mexicana", "action_flag": 1, "change_message": "[{\"added\": {}}]"}}, {"model": "admin.logentry", "pk": 194, "fields": {"action_time": "2024-11-19T16:56:07.184Z", "user": 1, "content_type": 7, "object_id": "66", "object_repr": "Macarrones con Queso y Beacon", "action_flag": 1, "change_message": "[{\"added\": {}}]"}}, {"model": "admin.logentry", "pk": 195, "fields": {"action_time": "2024-11-19T16:56:23.097Z", "user": 1, "content_type": 9, "object_id": "38", "object_repr": "Beacon", "action_flag": 1, "change_message": "[{\"added\": {}}]"}}, {"model": "admin.logentry", "pk": 196, "fields": {"action_time": "2024-11-19T16:56:31.778Z", "user": 1, "content_type": 7, "object_id": "66", "object_repr": "Macarrones con Queso y Beacon", "action_flag": 2, "change_message": "[{\"changed\": {\"fields\": [\"Ingredientes\"]}}]"}}, {"model": "admin.logentry", "pk": 197, "fields": {"action_time": "2024-11-19T17:12:05.423Z", "user": 1, "content_type": 7, "object_id": "67", "object_repr": "Niño - Tex (Menores de 10 años)", "action_flag": 1, "change_message": "[{\"added\": {}}]"}}, {"model": "admin.logentry", "pk": 198, "fields": {"action_time": "2024-11-19T17:12:42.340Z", "user": 1, "content_type": 7, "object_id": "68", "object_repr": "Niños - Mex (Menores de 10 años)", "action_flag": 1, "change_message": "[{\"added\": {}}]"}}, {"model": "admin.logentry", "pk": 199, "fields": {"action_time": "2024-11-19T17:13:16.118Z", "user": 1, "content_type": 7, "object_id": "67", "object_repr": "Niño - Tex (Menores de 10 años)", "action_flag": 2, "change_message": "[{\"changed\": {\"fields\": [\"Ingredientes\"]}}]"}}, {"model": "admin.logentry", "pk": 200, "fields": {"action_time": "2024-11-19T17:13:25.433Z", "user": 1, "content_type": 9, "object_id": "39", "object_repr": "Perrito Caliente", "action_flag": 1, "change_message": "[{\"added\": {}}]"}}, {"model": "admin.logentry", "pk": 201, "fields": {"action_time": "2024-11-19T17:13:39.904Z", "user": 1, "content_type": 9, "object_id": "40", "object_repr": "Fritos de maiz", "action_flag": 1, "change_message": "[{\"added\": {}}]"}}, {"model": "admin.logentry", "pk": 202, "fields": {"action_time": "2024-11-19T17:14:25.681Z", "user": 1, "content_type": 9, "object_id": "40", "object_repr": "Fritos de maiz", "action_flag": 2, "change_message": "[]"}}, {"model": "admin.logentry", "pk": 203, "fields": {"action_time": "2024-11-19T17:14:52.533Z", "user": 1, "content_type": 7, "object_id": "67", "object_repr": "Niño - Tex (Menores de 10 años)", "action_flag": 2, "change_message": "[{\"changed\": {\"fields\": [\"Ingredientes\"]}}]"}}, {"model": "admin.logentry", "pk": 204, "fields": {"action_time": "2024-11-19T17:15:04.931Z", "user": 1, "content_type": 7, "object_id": "67", "object_repr": "Niño - Tex (Menores de 10 años)", "action_flag": 2, "change_message": "[{\"changed\": {\"fields\": [\"Ingredientes\"]}}]"}}, {"model": "admin.logentry", "pk": 205, "fields": {"action_time": "2024-11-19T17:19:31.817Z", "user": 1, "content_type": 7, "object_id": "69", "object_repr": "Pastel de Zanahoria", "action_flag": 1, "change_message": "[{\"added\": {}}]"}}, {"model": "admin.logentry", "pk": 206, "fields": {"action_time": "2024-11-19T17:20:00.844Z", "user": 1, "content_type": 7, "object_id": "70", "object_repr": "Brownie de Chocolate con Nata", "action_flag": 1, "change_message": "[{\"added\": {}}]"}}, {"model": "admin.logentry", "pk": 207, "fields": {"action_time": "2024-11-19T17:20:12.565Z", "user": 1, "content_type": 9, "object_id": "41", "object_repr": "Chocolate", "action_flag": 1, "change_message": "[{\"added\": {}}]"}}, {"model": "admin.logentry", "pk": 208, "fields": {"action_time": "2024-11-19T17:20:26.087Z", "user": 1, "content_type": 9, "object_id": "42", "object_repr": "Nata", "action_flag": 1, "change_message": "[{\"added\": {}}]"}}, {"model": "admin.logentry", "pk": 209, "fields": {"action_time": "2024-11-19T17:21:38.517Z", "user": 1, "content_type": 7, "object_id": "70", "object_repr": "Brownie de Chocolate con Nata", "action_flag": 2, "change_message": "[{\"changed\": {\"fields\": [\"Ingredientes\"]}}]"}}, {"model": "admin.logentry", "pk": 210, "fields": {"action_time": "2024-11-19T17:22:07.731Z", "user": 1, "content_type": 7, "object_id": "71", "object_repr": "Brownie Especial (Con Helado)", "action_flag": 1, "change_message": "[{\"added\": {}}]"}}, {"model": "admin.logentry", "pk": 211, "fields": {"action_time": "2024-11-19T17:23:27.262Z", "user": 1, "content_type": 7, "object_id": "72", "object_repr": "Tarta de Manzana (Con Helado)", "action_flag": 1, "change_message": "[{\"added\": {}}]"}}, {"model": "admin.logentry", "pk": 212, "fields": {"action_time": "2024-11-19T17:23:35.888Z", "user": 1, "content_type": 9, "object_id": "43", "object_repr": "manzana", "action_flag": 1, "change_message": "[{\"added\": {}}]"}}, {"model": "admin.logentry", "pk": 213, "fields": {"action_time": "2024-11-19T17:23:43.515Z", "user": 1, "content_type": 7, "object_id": "72", "object_repr": "Tarta de Manzana (Con Helado)", "action_flag": 2, "change_message": "[{\"changed\": {\"fields\": [\"Ingredientes\"]}}]"}}, {"model": "admin.logentry", "pk": 214, "fields": {"action_time": "2024-11-19T17:23:49.622Z", "user": 1, "content_type": 9, "object_id": "43", "object_repr": "Manzana", "action_flag": 2, "change_message": "[{\"changed\": {\"fields\": [\"Nombre ingrediente\"]}}]"}}, {"model": "admin.logentry", "pk": 215, "fields": {"action_time": "2024-11-19T17:24:20.666Z", "user": 1, "content_type": 7, "object_id": "73", "object_repr": "Cookiemania (Con Helado)", "action_flag": 1, "change_message": "[{\"added\": {}}]"}}, {"model": "admin.logentry", "pk": 216, "fields": {"action_time": "2024-11-19T17:24:31.796Z", "user": 1, "content_type": 9, "object_id": "44", "object_repr": "Galleta", "action_flag": 1, "change_message": "[{\"added\": {}}]"}}, {"model": "admin.logentry", "pk": 217, "fields": {"action_time": "2024-11-19T17:24:40.078Z", "user": 1, "content_type": 9, "object_id": "45", "object_repr": "Nueces", "action_flag": 1, "change_message": "[{\"added\": {}}]"}}, {"model": "admin.logentry", "pk": 218, "fields": {"action_time": "2024-11-19T17:25:44.339Z", "user": 1, "content_type": 7, "object_id": "73", "object_repr": "Cookiemania (Con Helado)", "action_flag": 2, "change_message": "[{\"changed\": {\"fields\": [\"Ingredientes\"]}}]"}}, {"model": "admin.logentry", "pk": 219, "fields": {"action_time": "2024-11-19T17:26:42.244Z", "user": 1, "content_type": 7, "object_id": "74", "object_repr": "Tex - Mex Sundae (Con Helado)", "action_flag": 1, "change_message": "[{\"added\": {}}]"}}, {"model": "admin.logentry", "pk": 220, "fields": {"action_time": "2024-11-19T17:39:08.480Z", "user": 1, "content_type": 10, "object_id": "13", "object_repr": "Flor", "action_flag": 1, "change_message": "[{\"added\": {}}]"}}, {"model": "admin.logentry", "pk": 221, "fields": {"action_time": "2024-11-19T17:39:17.243Z", "user": 1, "content_type": 9, "object_id": "46", "object_repr": "Vainilla", "action_flag": 1, "change_message": "[{\"added\": {}}]"}}, {"model": "admin.logentry", "pk": 222, "fields": {"action_time": "2024-11-19T17:39:28.744Z", "user": 1, "content_type": 7, "object_id": "74", "object_repr": "Tex - Mex Sundae (Con Helado)", "action_flag": 2, "change_message": "[{\"changed\": {\"fields\": [\"Ingredientes\"]}}]"}}, {"model": "admin.logentry", "pk": 223, "fields": {"action_time": "2024-11-19T17:50:51.677Z", "user": 1, "content_type": 7, "object_id": "75", "object_repr": "Red Velvet", "action_flag": 1, "change_message": "[{\"added\": {}}]"}}, {"model": "admin.logentry", "pk": 224, "fields": {"action_time": "2024-11-19T17:51:32.871Z", "user": 1, "content_type": 7, "object_id": "76", "object_repr": "Pastel de Chocolate", "action_flag": 1, "change_message": "[{\"added\": {}}]"}}, {"model": "admin.logentry", "pk": 225, "fields": {"action_time": "2024-11-19T17:52:06.159Z", "user": 1, "content_type": 7, "object_id": "77", "object_repr": "Tarta de Queso Arandanos", "action_flag": 1, "change_message": "[{\"added\": {}}]"}}, {"model": "admin.logentry", "pk": 226, "fields": {"action_time": "2024-11-19T17:52:14.025Z", "user": 1, "content_type": 9, "object_id": "47", "object_repr": "Arandano", "action_flag": 1, "change_message": "[{\"added\": {}}]"}}, {"model": "admin.logentry", "pk": 227, "fields": {"action_time": "2024-11-19T17:52:32.378Z", "user": 1, "content_type": 7, "object_id": "77", "object_repr": "Tarta de Queso Arandanos", "action_flag": 2, "change_message": "[{\"changed\": {\"fields\": [\"Ingredientes\"]}}]"}}, {"model": "admin.logentry", "pk": 228, "fields": {"action_time": "2024-11-19T17:52:57.740Z", "user": 1, "content_type": 7, "object_id": "78", "object_repr": "Tarta de Queso Fresa", "action_flag": 1, "change_message": "[{\"added\": {}}]"}}, {"model": "admin.logentry", "pk": 229, "fields": {"action_time": "2024-11-19T17:53:09.295Z", "user": 1, "content_type": 9, "object_id": "48", "object_repr": "Fresa", "action_flag": 1, "change_message": "[{\"added\": {}}]"}}, {"model": "admin.logentry", "pk": 230, "fields": {"action_time": "2024-11-19T17:53:37.075Z", "user": 1, "content_type": 9, "object_id": "49", "object_repr": "Snickers", "action_flag": 1, "change_message": "[{\"added\": {}}]"}}, {"model": "admin.logentry", "pk": 231, "fields": {"action_time": "2024-11-19T17:53:49.755Z", "user": 1, "content_type": 7, "object_id": "78", "object_repr": "Tarta de Queso Fresa", "action_flag": 2, "change_message": "[{\"changed\": {\"fields\": [\"Ingredientes\"]}}]"}}, {"model": "admin.logentry", "pk": 232, "fields": {"action_time": "2024-11-19T17:54:12.828Z", "user": 1, "content_type": 7, "object_id": "79", "object_repr": "Tarata de Queso Snickers", "action_flag": 1, "change_message": "[{\"added\": {}}]"}}, {"model": "admin.logentry", "pk": 233, "fields": {"action_time": "2024-11-19T18:42:45.150Z", "user": 1, "content_type": 15, "object_id": "1", "object_repr": "juan - <QuerySet [<Platos: Nachos con queso al horno (Media)>, <Platos: Nachos con queso al horno (Ración)>]>", "action_flag": 1, "change_message": "[{\"added\": {}}]"}}, {"model": "admin.logentry", "pk": 234, "fields": {"action_time": "2024-11-19T19:42:55.537Z", "user": 1, "content_type": 15, "object_id": "5", "object_repr": "1 x Nachos con queso al horno (Media) (Pedido de jjj)", "action_flag": 2, "change_message": "[]"}}, {"model": "admin.logentry", "pk": 235, "fields": {"action_time": "2024-11-20T13:38:32.486Z", "user": 1, "content_type": 7, "object_id": "79", "object_repr": "Tarata de Queso Snickers", "action_flag": 2, "change_message": "[]"}}, {"model": "admin.logentry", "pk": 236, "fields": {"action_time": "2024-12-08T10:43:03.242Z", "user": 1, "content_type": 7, "object_id": "16", "object_repr": "Nachos con queso al horno Extra Queso (Media)", "action_flag": 2, "change_message": "[{\"changed\": {\"fields\": [\"Image\"]}}]"}}, {"model": "admin.logentry", "pk": 237, "fields": {"action_time": "2024-12-08T12:44:53.570Z", "user": 1, "content_type": 7, "object_id": "16", "object_repr": "Nachos con queso al horno Extra Queso (Media)", "action_flag": 2, "change_message": "[{\"changed\": {\"fields\": [\"Image\"]}}]"}}, {"model": "admin.logentry", "pk": 238, "fields": {"action_time": "2024-12-08T12:45:45.051Z", "user": 1, "content_type": 7, "object_id": "79", "object_repr": "Tarata de Queso Snickers", "action_flag": 2, "change_message": "[{\"changed\": {\"fields\": [\"Precio plato\", \"Image\"]}}]"}}, {"model": "admin.logentry", "pk": 239, "fields": {"action_time": "2024-12-08T12:47:12.971Z", "user": 1, "content_type": 7, "object_id": "16", "object_repr": "Nachos con queso al horno Extra Queso (Media)", "action_flag": 2, "change_message": "[{\"changed\": {\"fields\": [\"Image\"]}}]"}}, {"model": "admin.logentry", "pk": 240, "fields": {"action_time": "2024-12-08T12:48:30.264Z", "user": 1, "content_type": 7, "object_id": "78", "object_repr": "Tarta de Queso Fresa", "action_flag": 2, "change_message": "[{\"changed\": {\"fields\": [\"Image\"]}}]"}}, {"model": "admin.logentry", "pk": 241, "fields": {"action_time": "2024-12-08T12:49:27.210Z", "user": 1, "content_type": 7, "object_id": "16", "object_repr": "Nachos con queso al horno Extra Queso (Media)", "action_flag": 2, "change_message": "[{\"changed\": {\"fields\": [\"Image\"]}}]"}}, {"model": "admin.logentry", "pk": 242, "fields": {"action_time": "2024-12-12T18:29:27.164Z", "user": 1, "content_type": 7, "object_id": "79", "object_repr": "Tarta de Queso Snickers", "action_flag": 2, "change_message": "[{\"changed\": {\"fields\": [\"Nombre plato\"]}}]"}}, {"model": "admin.logentry", "pk": 243, "fields": {"action_time": "2025-01-18T16:59:50.130Z", "user": 1, "content_type": 7, "object_id": "77", "object_repr": "Tarta de Queso Arandanos", "action_flag": 2, "change_message": "[{\"changed\": {\"fields\": [\"Image\"]}}]"}}, {"model": "admin.logentry", "pk": 244, "fields": {"action_time": "2025-01-18T17:01:51.873Z", "user": 1, "content_type": 4, "object_id": "11", "object_repr": "Juan", "action_flag": 3, "change_message": ""}}, {"model": "auth.permission", "pk": 1, "fields": {"name": "Can add log entry", "content_type": 1, "codename": "add_logentry"}}, {"model": "auth.permission", "pk": 2, "fields": {"name": "Can change log entry", "content_type": 1, "codename": "change_logentry"}}, {"model": "auth.permission", "pk": 3, "fields": {"name": "Can delete log entry", "content_type": 1, "codename": "delete_logentry"}}, {"model": "auth.permission", "pk": 4, "fields": {"name": "Can view log entry", "content_type": 1, "codename": "view_logentry"}}, {"model": "auth.permission", "pk": 5, "fields": {"name": "Can add permission", "content_type": 2, "codename": "add_permission"}}, {"model": "auth.permission", "pk": 6, "fields": {"name": "Can change permission", "content_type": 2, "codename": "change_permission"}}, {"model": "auth.permission", "pk": 7, "fields": {"name": "Can delete permission", "content_type": 2, "codename": "delete_permission"}}, {"model": "auth.permission", "pk": 8, "fields": {"name": "Can view permission", "content_type": 2, "codename": "view_permission"}}, {"model": "auth.permission", "pk": 9, "fields": {"name": "Can add group", "content_type": 3, "codename": "add_group"}}, {"model": "auth.permission", "pk": 10, "fields": {"name": "Can change group", "content_type": 3, "codename": "change_group"}}, {"model": "auth.permission", "pk": 11, "fields": {"name": "Can delete group", "content_type": 3, "codename": "delete_group"}}, {"model": "auth.permission", "pk": 12, "fields": {"name": "Can view group", "content_type": 3, "codename": "view_group"}}, {"model": "auth.permission", "pk": 13, "fields": {"name": "Can add user", "content_type": 4, "codename": "add_user"}}, {"model": "auth.permission", "pk": 14, "fields": {"name": "Can change user", "content_type": 4, "codename": "change_user"}}, {"model": "auth.permission", "pk": 15, "fields": {"name": "Can delete user", "content_type": 4, "codename": "delete_user"}}, {"model": "auth.permission", "pk": 16, "fields": {"name": "Can view user", "content_type": 4, "codename": "view_user"}}, {"model": "auth.permission", "pk": 17, "fields": {"name": "Can add content type", "content_type": 5, "codename": "add_contenttype"}}, {"model": "auth.permission", "pk": 18, "fields": {"name": "Can change content type", "content_type": 5, "codename": "change_contenttype"}}, {"model": "auth.permission", "pk": 19, "fields": {"name": "Can delete content type", "content_type": 5, "codename": "delete_contenttype"}}, {"model": "auth.permission", "pk": 20, "fields": {"name": "Can view content type", "content_type": 5, "codename": "view_contenttype"}}, {"model": "auth.permission", "pk": 21, "fields": {"name": "Can add session", "content_type": 6, "codename": "add_session"}}, {"model": "auth.permission", "pk": 22, "fields": {"name": "Can change session", "content_type": 6, "codename": "change_session"}}, {"model": "auth.permission", "pk": 23, "fields": {"name": "Can delete session", "content_type": 6, "codename": "delete_session"}}, {"model": "auth.permission", "pk": 24, "fields": {"name": "Can view session", "content_type": 6, "codename": "view_session"}}, {"model": "auth.permission", "pk": 25, "fields": {"name": "Can add Plato", "content_type": 7, "codename": "add_platos"}}, {"model": "auth.permission", "pk": 26, "fields": {"name": "Can change Plato", "content_type": 7, "codename": "change_platos"}}, {"model": "auth.permission", "pk": 27, "fields": {"name": "Can delete Plato", "content_type": 7, "codename": "delete_platos"}}, {"model": "auth.permission", "pk": 28, "fields": {"name": "Can view Plato", "content_type": 7, "codename": "view_platos"}}, {"model": "auth.permission", "pk": 29, "fields": {"name": "Can add perfil", "content_type": 8, "codename": "add_perfil"}}, {"model": "auth.permission", "pk": 30, "fields": {"name": "Can change perfil", "content_type": 8, "codename": "change_perfil"}}, {"model": "auth.permission", "pk": 31, "fields": {"name": "Can delete perfil", "content_type": 8, "codename": "delete_perfil"}}, {"model": "auth.permission", "pk": 32, "fields": {"name": "Can view perfil", "content_type": 8, "codename": "view_perfil"}}, {"model": "auth.permission", "pk": 33, "fields": {"name": "Can add Ingrediente", "content_type": 9, "codename": "add_ingrediente"}}, {"model": "auth.permission", "pk": 34, "fields": {"name": "Can change Ingrediente", "content_type": 9, "codename": "change_ingrediente"}}, {"model": "auth.permission", "pk": 35, "fields": {"name": "Can delete Ingrediente", "content_type": 9, "codename": "delete_ingrediente"}}, {"model": "auth.permission", "pk": 36, "fields": {"name": "Can view Ingrediente", "content_type": 9, "codename": "view_ingrediente"}}, {"model": "auth.permission", "pk": 37, "fields": {"name": "Can add Tipo ingrediente", "content_type": 10, "codename": "add_tipo_ingrediente"}}, {"model": "auth.permission", "pk": 38, "fields": {"name": "Can change Tipo ingrediente", "content_type": 10, "codename": "change_tipo_ingrediente"}}, {"model": "auth.permission", "pk": 39, "fields": {"name": "Can delete Tipo ingrediente", "content_type": 10, "codename": "delete_tipo_ingrediente"}}, {"model": "auth.permission", "pk": 40, "fields": {"name": "Can view Tipo ingrediente", "content_type": 10, "codename": "view_tipo_ingrediente"}}, {"model": "auth.permission", "pk": 41, "fields": {"name": "Can add Bebida", "content_type": 11, "codename": "add_bebidas"}}, {"model": "auth.permission", "pk": 42, "fields": {"name": "Can change Bebida", "content_type": 11, "codename": "change_bebidas"}}, {"model": "auth.permission", "pk": 43, "fields": {"name": "Can delete Bebida", "content_type": 11, "codename": "delete_bebidas"}}, {"model": "auth.permission", "pk": 44, "fields": {"name": "Can view Bebida", "content_type": 11, "codename": "view_bebidas"}}, {"model": "auth.permission", "pk": 45, "fields": {"name": "Can add Tipo bebida", "content_type": 12, "codename": "add_tipo_bebida"}}, {"model": "auth.permission", "pk": 46, "fields": {"name": "Can change Tipo bebida", "content_type": 12, "codename": "change_tipo_bebida"}}, {"model": "auth.permission", "pk": 47, "fields": {"name": "Can delete Tipo bebida", "content_type": 12, "codename": "delete_tipo_bebida"}}, {"model": "auth.permission", "pk": 48, "fields": {"name": "Can view Tipo bebida", "content_type": 12, "codename": "view_tipo_bebida"}}, {"model": "auth.permission", "pk": 49, "fields": {"name": "Can add Tipo comida", "content_type": 13, "codename": "add_tipo_comida"}}, {"model": "auth.permission", "pk": 50, "fields": {"name": "Can change Tipo comida", "content_type": 13, "codename": "change_tipo_comida"}}, {"model": "auth.permission", "pk": 51, "fields": {"name": "Can delete Tipo comida", "content_type": 13, "codename": "delete_tipo_comida"}}, {"model": "auth.permission", "pk": 52, "fields": {"name": "Can view Tipo comida", "content_type": 13, "codename": "view_tipo_comida"}}, {"model": "auth.permission", "pk": 53, "fields": {"name": "Can add estado pedido", "content_type": 14, "codename": "add_estadopedido"}}, {"model": "auth.permission", "pk": 54, "fields": {"name": "Can change estado pedido", "content_type": 14, "codename": "change_estadopedido"}}, {"model": "auth.permission", "pk": 55, "fields": {"name": "Can delete estado pedido", "content_type": 14, "codename": "delete_estadopedido"}}, {"model": "auth.permission", "pk": 56, "fields": {"name": "Can view estado pedido", "content_type": 14, "codename": "view_estadopedido"}}, {"model": "auth.permission", "pk": 57, "fields": {"name": "Can add Pedido para recoger", "content_type": 15, "codename": "add_mispedidos"}}, {"model": "auth.permission", "pk": 58, "fields": {"name": "Can change Pedido para recoger", "content_type": 15, "codename": "change_mispedidos"}}, {"model": "auth.permission", "pk": 59, "fields": {"name": "Can delete Pedido para recoger", "content_type": 15, "codename": "delete_mispedidos"}}, {"model": "auth.permission", "pk": 60, "fields": {"name": "Can view Pedido para recoger", "content_type": 15, "codename": "view_mispedidos"}}, {"model": "auth.permission", "pk": 61, "fields": {"name": "Can add valoracion", "content_type": 16, "codename": "add_valoracion"}}, {"model": "auth.permission", "pk": 62, "fields": {"name": "Can change valoracion", "content_type": 16, "codename": "change_valoracion"}}, {"model": "auth.permission", "pk": 63, "fields": {"name": "Can delete valoracion", "content_type": 16, "codename": "delete_valoracion"}}, {"model": "auth.permission", "pk": 64, "fields": {"name": "Can view valoracion", "content_type": 16, "codename": "view_valoracion"}}, {"model": "auth.permission", "pk": 65, "fields": {"name": "Can add valoracion plato", "content_type": 17, "codename": "add_valoracionplato"}}, {"model": "auth.permission", "pk": 66, "fields": {"name": "Can change valoracion plato", "content_type": 17, "codename": "change_valoracionplato"}}, {"model": "auth.permission", "pk": 67, "fields": {"name": "Can delete valoracion plato", "content_type": 17, "codename": "delete_valoracionplato"}}, {"model": "auth.permission", "pk": 68, "fields": {"name": "Can view valoracion plato", "content_type": 17, "codename": "view_valoracionplato"}}, {"model": "auth.user", "pk": 1, "fields": {"password": "pbkdf2_sha256$870000$p0uwehMcHcMa9OJCZSi1ty$G8xBzlp99ilosMWsXFvxFcqkmwMhzv8bqeKg0Hta1cQ=", "last_login": "2025-01-18T17:01:14.666Z", "is_superuser": true, "username": "luis", "first_name": "", "last_name": "", "email": "", "is_staff": true, "is_active": true, "date_joined": "2024-11-12T17:27:36.354Z", "groups": [], "user_permissions": []}}, {"model": "auth.user", "pk": 3, "fields": {"password": "pbkdf2_sha256$870000$RlapdnQicV1c0bqr2gcSFR$mqjD5qFcDHKPa6d2UPvmP/l0dtieH9DUd9LC1MSmUI0=", "last_login": "2024-11-12T19:40:46.401Z", "is_superuser": false, "username": "rubio", "first_name": "", "last_name": "", "email": "pepe@s.com", "is_staff": false, "is_active": true, "date_joined": "2024-11-12T19:40:46.086Z", "groups": [], "user_permissions": []}}, {"model": "auth.user", "pk": 4, "fields": {"password": "pbkdf2_sha256$870000$rCZUXFmYxV14YOMEwkPIKu$ttq4mRJ6ZKtRPCdgolmOquCan1X4MZeMUSxJCpykEMo=", "last_login": "2024-11-13T13:35:34.840Z", "is_superuser": false, "username": "pedro", "first_name": "", "last_name": "", "email": "pedro@gmail.com", "is_staff": false, "is_active": true, "date_joined": "2024-11-13T13:35:34.545Z", "groups": [], "user_permissions": []}}, {"model": "auth.user", "pk": 5, "fields": {"password": "pbkdf2_sha256$870000$tADzXnZOUly4jAb02y1xjP$cU0SI88hjqA1gfi5BPE0RDpR11bmtWOytJ7iMAwiUvg=", "last_login": "2024-12-17T18:35:42.618Z", "is_superuser": false, "username": "jose", "first_name": "", "last_name": "", "email": "jose@gmail.com", "is_staff": false, "is_active": true, "date_joined": "2024-11-19T19:31:49.935Z", "groups": [], "user_permissions": []}}, {"model": "auth.user", "pk": 6, "fields": {"password": "pbkdf2_sha256$870000$eH6i02qj50pRTU14NHmClM$8UwMxf8WyvFnN8NJEz1SLIt9obGLYV8LBDEbi6tRNqI=", "last_login": "2024-12-03T19:21:51.600Z", "is_superuser": false, "username": "fran", "first_name": "", "last_name": "", "email": "luis@gmail.com", "is_staff": false, "is_active": true, "date_joined": "2024-12-03T19:21:50.897Z", "groups": [], "user_permissions": []}}, {"model": "auth.user", "pk": 7, "fields": {"password": "pbkdf2_sha256$870000$KJgNV5fdIR6fAw5QPWP6bp$aHCOZxhxBOVmH93fwYUcP41eQjg/pqT5xuj1pzUZ1KM=", "last_login": "2024-12-03T22:29:48.735Z", "is_superuser": false, "username": "Vaaleen23", "first_name": "", "last_name": "", "email": "valen194023@gmail.com", "is_staff": false, "is_active": true, "date_joined": "2024-12-03T22:29:48.035Z", "groups": [], "user_permissions": []}}, {"model": "auth.user", "pk": 8, "fields": {"password": "pbkdf2_sha256$870000$sAOLaEpODQZrJiYGC9xqux$9V4UMyA3b+CkQDbPrAbd2IWmMlQeVKYOUiaNxvLrHe8=", "last_login": "2024-12-08T22:44:48.482Z", "is_superuser": false, "username": "Ainhoa", "first_name": "", "last_name": "", "email": "ainhoa2116@gmail.com", "is_staff": false, "is_active": true, "date_joined": "2024-12-08T22:44:47.775Z", "groups": [], "user_permissions": []}}, {"model": "auth.user", "pk": 9, "fields": {"password": "pbkdf2_sha256$870000$0kLSl6qWK3UlXiPplRcNiW$vB5uNkJMk8qcfWqmu5aD4SnhBgRoMZWNYx4FGYTXEPg=", "last_login": "2024-12-17T18:00:52.125Z", "is_superuser": false, "username": "x", "first_name": "", "last_name": "", "email": "x@g.com", "is_staff": false, "is_active": true, "date_joined": "2024-12-11T15:07:29.860Z", "groups": [], "user_permissions": []}}, {"model": "auth.user", "pk": 10, "fields": {"password": "pbkdf2_sha256$870000$IoKtoOnpVYAgQYEqPs4VGM$JLbjaXxOLrqU7j31C8ES6ilFyOvbvQsvrKaRPN3caCM=", "last_login": "2024-12-12T18:12:35.671Z", "is_superuser": false, "username": "pepe", "first_name": "", "last_name": "", "email": "pepe@gmail.com", "is_staff": false, "is_active": true, "date_joined": "2024-12-11T15:43:57.247Z", "groups": [], "user_permissions": []}}, {"model": "auth.user", "pk": 12, "fields": {"password": "pbkdf2_sha256$870000$yEUGv1I9hSMXqrdy7HhU0a$wH47luBB3jNoysIGx7TM86RPJo5a5QqUsRxKznF5YQI=", "last_login": "2025-01-18T17:02:55.424Z", "is_superuser": false, "username": "juan", "first_name": "", "last_name": "", "email": "juan@gmail.com", "is_staff": false, "is_active": true, "date_joined": "2025-01-18T17:02:19.040Z", "groups": [], "user_permissions": []}}, {"model": "contenttypes.contenttype", "pk": 1, "fields": {"app_label": "admin", "model": "logentry"}}, {"model": "contenttypes.contenttype", "pk": 2, "fields": {"app_label": "auth", "model": "permission"}}, {"model": "contenttypes.contenttype", "pk": 3, "fields": {"app_label": "auth", "model": "group"}}, {"model": "contenttypes.contenttype", "pk": 4, "fields": {"app_label": "auth", "model": "user"}}, {"model": "contenttypes.contenttype", "pk": 5, "fields": {"app_label": "contenttypes", "model": "contenttype"}}, {"model": "contenttypes.contenttype", "pk": 6, "fields": {"app_label": "sessions", "model": "session"}}, {"model": "contenttypes.contenttype", "pk": 7, "fields": {"app_label": "reservas", "model": "platos"}}, {"model": "contenttypes.contenttype", "pk": 8, "fields": {"app_label": "reservas", "model": "perfil"}}, {"model": "contenttypes.contenttype", "pk": 9, "fields": {"app_label": "reservas", "model": "ingrediente"}}, {"model": "contenttypes.contenttype", "pk": 10, "fields": {"app_label": "reservas", "model": "tipo_ingrediente"}}, {"model": "contenttypes.contenttype", "pk": 11, "fields": {"app_label": "reservas", "model": "bebidas"}}, {"model": "contenttypes.contenttype", "pk": 12, "fields": {"app_label": "reservas", "model": "tipo_bebida"}}, {"model": "contenttypes.contenttype", "pk": 13, "fields": {"app_label": "reservas", "model": "tipo_comida"}}, {"model": "contenttypes.contenttype", "pk": 14, "fields": {"app_label": "reservas", "model": "estadopedido"}}, {"model": "contenttypes.contenttype", "pk": 15, "fields": {"app_label": "reservas", "model": "mispedidos"}}, {"model": "contenttypes.contenttype", "pk": 16, "fields": {"app_label": "reservas", "model": "valoracion"}}, {"model": "contenttypes.contenttype", "pk": 17, "fields": {"app_label": "reservas", "model": "valoracionplato"}}, {"model": "sessions.session", "pk": "0qizy5t0irpcrfgk4jv6olx20x7ofg8a", "fields": {"session_data": ".eJxVjDsOwjAQBe_iGln-rT-U9DmDtbYXHEC2FCcV4u4QKQW0b2bei0Xc1hq3QUucCzszYKffLWF-UNtBuWO7dZ57W5c58V3hBx186oWel8P9O6g46rcWwZJLOThllJfeCQLjSAKQNpiMpRwCmmvR1oD00umSpQUsKgibhQT2_gC-DzbA:1tNcQ2:M2EnzoBhV2i9JvkXsAtyi7LaKb-u9mVCqTyflQpWoDM", "expire_date": "2024-12-31T18:35:42.625Z"}}, {"model": "sessions.session", "pk": "472dv9glpkslfxhdqbgysehyqym721h3", "fields": {"session_data": ".eJxVjDsOwjAQBe_iGlmsP7FNSZ8zRLveNQ4gR8qnQtwdIqWA9s3Me6kBt7UO2yLzMLK6KFCn340wP6TtgO_YbpPOU1vnkfSu6IMuup9YntfD_TuouNRvbSkawAIpe45gwXk-O58jGuw6tCkE8UGcEytkAgdOlAgxlUKAwEW9P9cTOGQ:1tLnvo:gDFWxRfOFK7o7ctEJCC3u2W3gH98-YgxdnXwARvR5U0", "expire_date": "2024-12-26T18:29:00.837Z"}}, {"model": "sessions.session", "pk": "4y4kcf2lm8tqnq6e16ahj0mwqzfnn65a", "fields": {"session_data": ".eJxVjEEOwiAQRe_C2pCBCQVcuvcMZGagUjU0Ke3KeHdt0oVu_3vvv1Siba1p62VJU1Zn5dXpd2OSR2k7yHdqt1nL3NZlYr0r-qBdX-dcnpfD_Tuo1Ou3tlkEQDxYY5AYBo-RCUNEoMCOB8wAYyELEa1Da30GYwRciDz6ENX7A8epNsM:1tIbOu:9fOi1TUPZMIMZwaiLW5yYpu201g1iGgylJgLl9CpGGw", "expire_date": "2024-12-17T22:29:48.742Z"}}, {"model": "sessions.session", "pk": "9giacxalp9742pnxs12hrk5i77d3lgzl", "fields": {"session_data": ".eJxVjDsOwjAQBe_iGln-rT-U9DmDtbYXHEC2FCcV4u4QKQW0b2bei0Xc1hq3QUucCzszYKffLWF-UNtBuWO7dZ57W5c58V3hBx186oWel8P9O6g46rcWwZJLOThllJfeCQLjSAKQNpiMpRwCmmvR1oD00umSpQUsKgibhQT2_gC-DzbA:1tDU8j:qFzHx9PpfMNtaFE_7yE779ouEg0Hyl1d-ZICvn9Q88s", "expire_date": "2024-12-03T19:43:57.959Z"}}, {"model": "sessions.session", "pk": "d2xwnhow2urnv9rlxjos5loet9n74l58", "fields": {"session_data": ".eJxVjDsOwjAQBe_iGlmsP7FNSZ8zRLveNQ4gR8qnQtwdIqWA9s3Me6kBt7UO2yLzMLK6KFCn340wP6TtgO_YbpPOU1vnkfSu6IMuup9YntfD_TuouNRvbSkawAIpe45gwXk-O58jGuw6tCkE8UGcEytkAgdOlAgxlUKAwEW9P9cTOGQ:1tLrjx:qFsVn1wZB3PTmz56i5fHAjZksNJst7O8CEbLjS1fDyQ", "expire_date": "2024-12-26T22:33:01.926Z"}}, {"model": "sessions.session", "pk": "d9ui94lk6mz74dv32z4z6y1u6wqctxn1", "fields": {"session_data": ".eJxVjDsOwjAQBe_iGln-rT-U9DmDtbYXHEC2FCcV4u4QKQW0b2bei0Xc1hq3QUucCzszYKffLWF-UNtBuWO7dZ57W5c58V3hBx186oWel8P9O6g46rcWwZJLOThllJfeCQLjSAKQNpiMpRwCmmvR1oD00umSpQUsKgibhQT2_gC-DzbA:1tLron:hpcTp5IK4iQg_sOjIVKhX_L-jTg_kl6BZ4meQefJko0", "expire_date": "2024-12-26T22:38:01.972Z"}}, {"model": "sessions.session", "pk": "deihx6xuwb5ux5q5pi5mj4rwpq3ycvzj", "fields": {"session_data": ".eJxVjLsOAiEURP-F2hBYkIelvd9A4N6LrBpIlt3K-O-yyRZaTDPnzLxZiNtawtZpCTOyC1Ps9NulCE-qO8BHrPfGodV1mRPfFX7Qzm8N6XU93L-DEnsZ60xOks9m8omySSCttyMCJg-aXESlBaJ1SBLNOVoyWQtpJSg7XJTs8wX4rDga:1tAwko:mF96U4_Qty_E23cXy7O0v_yXWepICXf15J8YzRlR7V8", "expire_date": "2024-11-26T19:40:46.406Z"}}, {"model": "sessions.session", "pk": "fru9po5jd9vm76xfj5dw9fjynq4r3erc", "fields": {"session_data": ".eJxVjDsOwjAQBe_iGlnedeIPJT1nsDbeBQeQI8VJhbg7iZQC2jcz760SrUtJa5M5jazOClCdfseB8lPqTvhB9T7pPNVlHge9K_qgTV8nltflcP8OCrWy1cGY6AwHiH0HBJ3zOUjuSUwUsoAoLiBiZkPoOHoI2W3SzVqPLMGqzxfXYDbn:1tZCDn:2YYMuStZiMaRnPBSBkgJZ0zsSkmNuL6H6xFRkuzwzLU", "expire_date": "2025-02-01T17:02:55.432Z"}}, {"model": "sessions.session", "pk": "hxp8cvh3akwhcrt2g1cpiylnzriot4vu", "fields": {"session_data": ".eJxVjDsOwjAQBe_iGlmsP7FNSZ8zRLveNQ4gR8qnQtwdIqWA9s3Me6kBt7UO2yLzMLK6KFCn340wP6TtgO_YbpPOU1vnkfSu6IMuup9YntfD_TuouNRvbSkawAIpe45gwXk-O58jGuw6tCkE8UGcEytkAgdOlAgxlUKAwEW9P9cTOGQ:1tUrSG:6DtTNrAoMLnJ6qABKof-Zf5DyudQr9jjDNP84nZ75kM", "expire_date": "2025-01-20T18:03:56.596Z"}}, {"model": "sessions.session", "pk": "ihohz5o4v4l2mxn4vyxt5g6809e85sdg", "fields": {"session_data": ".eJxVjDsOwjAQBe_iGln-rT-U9DmDtbYXHEC2FCcV4u4QKQW0b2bei0Xc1hq3QUucCzszYKffLWF-UNtBuWO7dZ57W5c58V3hBx186oWel8P9O6g46rcWwZJLOThllJfeCQLjSAKQNpiMpRwCmmvR1oD00umSpQUsKgibhQT2_gC-DzbA:1tEA2w:d8_gISGdbiC7y2TKgWSjvrLtFe81RaNj8Wc5x2PEzsc", "expire_date": "2024-12-05T16:28:46.853Z"}}, {"model": "sessions.session", "pk": "ixvfl9oiwuevmlc3bs9kq4nry6s3lrif", "fields": {"session_data": ".eJxVjDsOwjAQBe_iGln-fyjpOYO19q5xADlSnFSIu0OkFNC-mXkvlmBbW9oGLWlCdmaBnX63DOVBfQd4h36beZn7ukyZ7wo_6ODXGel5Ody_gwajfWtD0XtXpYSMFKpROhYlfSUQ2QSDlhRWVWJ0ILzTSipbrdbOVAyComTvD-goN4c:1tKQ1A:Ey5KcBSrTbG1pQq5mwtTHf97zb8ClzL4cyltkXLdpCE", "expire_date": "2024-12-22T22:44:48.488Z"}}, {"model": "sessions.session", "pk": "s0nemg9uepmq43lzh6ng6j8u1at2sraa", "fields": {"session_data": ".eJxVjDsOwjAQBe_iGlmsP7FNSZ8zRLveNQ4gR8qnQtwdIqWA9s3Me6kBt7UO2yLzMLK6KFCn340wP6TtgO_YbpPOU1vnkfSu6IMuup9YntfD_TuouNRvbSkawAIpe45gwXk-O58jGuw6tCkE8UGcEytkAgdOlAgxlUKAwEW9P9cTOGQ:1tDRGx:ybNVkJVPtbg0ywa2wch7DfNZdA4uCgWBz4B3pDSTMlg", "expire_date": "2024-12-03T16:40:15.615Z"}}, {"model": "sessions.session", "pk": "z2ggmd8nbvhbwk3alrh3m9kkj3s9sxlj", "fields": {"session_data": ".eJxVjDsOwjAQBe_iGlmsP7FNSZ8zRLveNQ4gR8qnQtwdIqWA9s3Me6kBt7UO2yLzMLK6KFCn340wP6TtgO_YbpPOU1vnkfSu6IMuup9YntfD_TuouNRvbSkawAIpe45gwXk-O58jGuw6tCkE8UGcEytkAgdOlAgxlUKAwEW9P9cTOGQ:1tIt5M:CGPxqm5Afhq4OdnclbfnO_iUpGjwuMrPJ36uHcwTU2w", "expire_date": "2024-12-18T17:22:48.519Z"}}, {"model": "reservas.perfil", "pk": 1, "fields": {"user": 1, "bio": null, "tel": null}}, {"model": "reservas.perfil", "pk": 2, "fields": {"user": 3, "bio": null, "tel": null}}, {"model": "reservas.perfil", "pk": 3, "fields": {"user": 4, "bio": null, "tel": null}}, {"model": "reservas.perfil", "pk": 4, "fields": {"user": 7, "bio": null, "tel": null}}, {"model": "reservas.perfil", "pk": 5, "fields": {"user": 5, "bio": null, "tel": null}}, {"model": "reservas.perfil", "pk": 6, "fields": {"user": 8, "bio": null, "tel": null}}, {"model": "reservas.perfil", "pk": 7, "fields": {"user": 10, "bio": null, "tel": null}}, {"model": "reservas.perfil", "pk": 8, "fields": {"user": 9, "bio": null, "tel": null}}, {"model": "reservas.tipo_comida", "pk": 1, "fields": {"tipo_comida": "ANTOJITOS"}}, {"model": "reservas.tipo_comida", "pk": 2, "fields": {"tipo_comida": "BARBACOA"}}, {"model": "reservas.tipo_comida", "pk": 3, "fields": {"tipo_comida": "ENCHILADAS"}}, {"model": "reservas.tipo_comida", "pk": 4, "fields": {"tipo_comida": "ENSALADAS"}}, {"model": "reservas.tipo_comida", "pk": 5, "fields": {"tipo_comida": "ESPECIALIDADES"}}, {"model": "reservas.tipo_comida", "pk": 6, "fields": {"tipo_comida": "FAJITAS"}}, {"model": "reservas.tipo_comida", "pk": 7, "fields": {"tipo_comida": "POSTRES"}}, {"model": "reservas.tipo_comida", "pk": 8, "fields": {"tipo_comida": "TACOS"}}, {"model": "reservas.tipo_comida", "pk": 9, "fields": {"tipo_comida": "TAPAS"}}, {"model": "reservas.tipo_ingrediente", "pk": 1, "fields": {"tipo_ingrediente": "Carne"}}, {"model": "reservas.tipo_ingrediente", "pk": 2, "fields": {"tipo_ingrediente": "Dulce"}}, {"model": "reservas.tipo_ingrediente", "pk": 3, "fields": {"tipo_ingrediente": "Fritura"}}, {"model": "reservas.tipo_ingrediente", "pk": 4, "fields": {"tipo_ingrediente": "Fruta"}}, {"model": "reservas.tipo_ingrediente", "pk": 5, "fields": {"tipo_ingrediente": "Frutos Secos"}}, {"model": "reservas.tipo_ingrediente", "pk": 6, "fields": {"tipo_ingrediente": "Grano"}}, {"model": "reservas.tipo_ingrediente", "pk": 7, "fields": {"tipo_ingrediente": "Gramíneas"}}, {"model": "reservas.tipo_ingrediente", "pk": 8, "fields": {"tipo_ingrediente": "Hidratos"}}, {"model": "reservas.tipo_ingrediente", "pk": 9, "fields": {"tipo_ingrediente": "Legumbre"}}, {"model": "reservas.tipo_ingrediente", "pk": 10, "fields": {"tipo_ingrediente": "Masa"}}, {"model": "reservas.tipo_ingrediente", "pk": 11, "fields": {"tipo_ingrediente": "Salsa"}}, {"model": "reservas.tipo_ingrediente", "pk": 12, "fields": {"tipo_ingrediente": "Verdura"}}, {"model": "reservas.tipo_ingrediente", "pk": 13, "fields": {"tipo_ingrediente": "Flor"}}, {"model": "reservas.tipo_bebida", "pk": 1, "fields": {"tipo_bebida": "Cerveza"}}, {"model": "reservas.tipo_bebida", "pk": 2, "fields": {"tipo_bebida": "Cerveza de Barril"}}, {"model": "reservas.tipo_bebida", "pk": 3, "fields": {"tipo_bebida": "Cocktel"}}, {"model": "reservas.tipo_bebida", "pk": 4, "fields": {"tipo_bebida": "Cockteles"}}, {"model": "reservas.tipo_bebida", "pk": 5, "fields": {"tipo_bebida": "Jarra"}}, {"model": "reservas.tipo_bebida", "pk": 6, "fields": {"tipo_bebida": "Refresco"}}, {"model": "reservas.tipo_bebida", "pk": 7, "fields": {"tipo_bebida": "Tequila"}}, {"model": "reservas.tipo_bebida", "pk": 8, "fields": {"tipo_bebida": "Vinos"}}, {"model": "reservas.bebidas", "pk": 1, "fields": {"valoracion": 0, "nom_bebida": "Margarita Limon", "precio_bebida": "12.00", "image": "photos/WhatsApp_Image_2024-10-20_at_13.24.50.jpeg", "tipo_bebi": [5]}}, {"model": "reservas.bebidas", "pk": 2, "fields": {"valoracion": 0, "nom_bebida": "Margarita de Fresa", "precio_bebida": "13.00", "image": "photos/WhatsApp_Image_2024-10-20_at_13.25.10.jpeg", "tipo_bebi": [5]}}, {"model": "reservas.bebidas", "pk": 3, "fields": {"valoracion": 0, "nom_bebida": "Sangría", "precio_bebida": "12.00", "image": "photos/3526_16-08-2022-14-43-45_2nsbKSZ.png", "tipo_bebi": [5]}}, {"model": "reservas.bebidas", "pk": 4, "fields": {"valoracion": 0, "nom_bebida": "Cuervo", "precio_bebida": "1.60", "image": "photos/jose-cuervo-especial_QhPDjjS.webp", "tipo_bebi": [7]}}, {"model": "reservas.bebidas", "pk": 5, "fields": {"valoracion": 0, "nom_bebida": "Margarita Limon (Cocktel)", "precio_bebida": "3.50", "image": "photos/WhatsApp_Image_2024-10-20_at_13_QYitWTj.25.10.jpeg", "tipo_bebi": [3]}}, {"model": "reservas.bebidas", "pk": 6, "fields": {"valoracion": 0, "nom_bebida": "Margarita Limon (Cocktel)", "precio_bebida": "3.75", "image": "photos/WhatsApp_Image_2024-10-20_at_13_2V8z9CR.24.50.jpeg", "tipo_bebi": [3]}}, {"model": "reservas.bebidas", "pk": 7, "fields": {"valoracion": 0, "nom_bebida": "Cerveza de barril (Grande)", "precio_bebida": "2.50", "image": "photos/ESPECIAL-DIM_ekAcNt3.png", "tipo_bebi": [2]}}, {"model": "reservas.bebidas", "pk": 8, "fields": {"valoracion": 0, "nom_bebida": "Cerveza de barril (Mediana)", "precio_bebida": "1.50", "image": "photos/ESPECIAL-DIM_z6o9BM3.png", "tipo_bebi": [1]}}, {"model": "reservas.bebidas", "pk": 9, "fields": {"valoracion": 0, "nom_bebida": "Coronita", "precio_bebida": "2.50", "image": "photos/2352666059_xEWnIna.png", "tipo_bebi": [1]}}, {"model": "reservas.bebidas", "pk": 10, "fields": {"valoracion": 0, "nom_bebida": "Modelo Especial", "precio_bebida": "2.50", "image": "photos/modelo-especial_c5gmKaE.png", "tipo_bebi": [1]}}, {"model": "reservas.bebidas", "pk": 11, "fields": {"valoracion": 0, "nom_bebida": "Pacífico", "precio_bebida": "2.50", "image": "photos/pacifico_zMztyNO.png", "tipo_bebi": [1]}}, {"model": "reservas.bebidas", "pk": 12, "fields": {"valoracion": 0, "nom_bebida": "Negra Modelo", "precio_bebida": "2.50", "image": "photos/modelo-negra-430x599_GNPcKHI.png", "tipo_bebi": [1]}}, {"model": "reservas.bebidas", "pk": 13, "fields": {"valoracion": 0, "nom_bebida": "Cruzcampo", "precio_bebida": "2.50", "image": "photos/front-bottle-pilsen_EWU7rbD.png", "tipo_bebi": [1]}}, {"model": "reservas.bebidas", "pk": 14, "fields": {"valoracion": 0, "nom_bebida": "Rioja (Copa)", "precio_bebida": "1.45", "image": "photos/copa-riedel-002_1OZzmSk.jpg", "tipo_bebi": [8]}}, {"model": "reservas.bebidas", "pk": 15, "fields": {"valoracion": 0, "nom_bebida": "Rioja (Botella)", "precio_bebida": "7.50", "image": "photos/rioja-crianza-2019-bodegas-burgo-viejo_BJ1fokk.png", "tipo_bebi": [8]}}, {"model": "reservas.bebidas", "pk": 16, "fields": {"valoracion": 0, "nom_bebida": "Agua", "precio_bebida": "1.20", "image": "photos/AGUA_AIEZfxF.png", "tipo_bebi": [6]}}, {"model": "reservas.bebidas", "pk": 17, "fields": {"valoracion": 0, "nom_bebida": "Pepsi", "precio_bebida": "1.80", "image": "photos/Pepsi-refresco-cola-vidrio-pet-lata-baginbox_vbQ4tuT.png", "tipo_bebi": [6]}}, {"model": "reservas.bebidas", "pk": 18, "fields": {"valoracion": 0, "nom_bebida": "Pep Zero", "precio_bebida": "1.80", "image": "photos/Pepsi-Max-Zero-refresco-sin-azucar_Nu0j3Tz.png", "tipo_bebi": [6]}}, {"model": "reservas.bebidas", "pk": 19, "fields": {"valoracion": 0, "nom_bebida": "Pepsi Sin Cafeina", "precio_bebida": "1.80", "image": "photos/PEPSI-MAX-SIN-CAFEINA-350ML-RETORNABLE-24_Wb2z8Sg.png", "tipo_bebi": []}}, {"model": "reservas.bebidas", "pk": 20, "fields": {"valoracion": 0, "nom_bebida": "kas", "precio_bebida": "1.80", "image": "photos/1699134039-caja-de-24-unidades-refrescos-y-mixers-kas-naranja-espana-botellin-te_ngpvSGq.webp", "tipo_bebi": [6]}}, {"model": "reservas.bebidas", "pk": 21, "fields": {"valoracion": 0, "nom_bebida": "Ice Tea", "precio_bebida": "1.80", "image": "photos/nestea-30cl_4YVuGfS.jpg", "tipo_bebi": [6]}}, {"model": "reservas.bebidas", "pk": 22, "fields": {"valoracion": 0, "nom_bebida": "Heineken", "precio_bebida": "2.50", "image": "photos/343_moPCV84.webp", "tipo_bebi": [1]}}, {"model": "reservas.bebidas", "pk": 23, "fields": {"valoracion": 0, "nom_bebida": "Aquarade Limón", "precio_bebida": "1.80", "image": "photos/Aquarade-limon_qNpEiJb.jpg", "tipo_bebi": [6]}}, {"model": "reservas.bebidas", "pk": 24, "fields": {"valoracion": 0, "nom_bebida": "Aquarade Naranja", "precio_bebida": "1.80", "image": "photos/aquarade_naranja_poSx8X8.jpg", "tipo_bebi": [6]}}, {"model": "reservas.bebidas", "pk": 25, "fields": {"valoracion": 0, "nom_bebida": "RADICAL Frutas del Bosque", "precio_bebida": "1.95", "image": "photos/radical-frutas-del-bosque_JZLlg8W.jpg", "tipo_bebi": [6]}}, {"model": "reservas.valoracion", "pk": 1, "fields": {"bebida": 1, "usuario": 3, "valoracion": 3}}, {"model": "reservas.valoracion", "pk": 2, "fields": {"bebida": 1, "usuario": 4, "valoracion": 3}}, {"model": "reservas.valoracion", "pk": 3, "fields": {"bebida": 1, "usuario": 7, "valoracion": 5}}, {"model": "reservas.valoracion", "pk": 4, "fields": {"bebida": 3, "usuario": 1, "valoracion": 3}}, {"model": "reservas.valoracion", "pk": 5, "fields": {"bebida": 1, "usuario": 8, "valoracion": 3}}, {"model": "reservas.valoracion", "pk": 6, "fields": {"bebida": 4, "usuario": 10, "valoracion": 0}}, {"model": "reservas.valoracion", "pk": 7, "fields": {"bebida": 7, "usuario": 10, "valoracion": 1}}, {"model": "reservas.valoracion", "pk": 9, "fields": {"bebida": 1, "usuario": 12, "valoracion": 4}}, {"model": "reservas.ingrediente", "pk": 1, "fields": {"tipo": 1, "nombre_ingrediente": "Pollo"}}, {"model": "reservas.ingrediente", "pk": 2, "fields": {"tipo": 1, "nombre_ingrediente": "Carne de taco"}}, {"model": "reservas.ingrediente", "pk": 3, "fields": {"tipo": 1, "nombre_ingrediente": "Alitas"}}, {"model": "reservas.ingrediente", "pk": 4, "fields": {"tipo": 12, "nombre_ingrediente": "Jalapeño"}}, {"model": "reservas.ingrediente", "pk": 5, "fields": {"tipo": 12, "nombre_ingrediente": "Guacamole"}}, {"model": "reservas.ingrediente", "pk": 6, "fields": {"tipo": 9, "nombre_ingrediente": "Frijoles"}}, {"model": "reservas.ingrediente", "pk": 7, "fields": {"tipo": 11, "nombre_ingrediente": "Queso"}}, {"model": "reservas.ingrediente", "pk": 8, "fields": {"tipo": 11, "nombre_ingrediente": "Queso Cheddar"}}, {"model": "reservas.ingrediente", "pk": 9, "fields": {"tipo": 11, "nombre_ingrediente": "Aguacate"}}, {"model": "reservas.ingrediente", "pk": 10, "fields": {"tipo": 12, "nombre_ingrediente": "Cebolla"}}, {"model": "reservas.ingrediente", "pk": 11, "fields": {"tipo": 6, "nombre_ingrediente": "Maiz"}}, {"model": "reservas.ingrediente", "pk": 12, "fields": {"tipo": 1, "nombre_ingrediente": "Nuggets"}}, {"model": "reservas.ingrediente", "pk": 13, "fields": {"tipo": 1, "nombre_ingrediente": "Fingers"}}, {"model": "reservas.ingrediente", "pk": 14, "fields": {"tipo": 11, "nombre_ingrediente": "Roquefort"}}, {"model": "reservas.ingrediente", "pk": 15, "fields": {"tipo": 12, "nombre_ingrediente": "Lechuga"}}, {"model": "reservas.ingrediente", "pk": 16, "fields": {"tipo": 4, "nombre_ingrediente": "Tomate"}}, {"model": "reservas.ingrediente", "pk": 17, "fields": {"tipo": 11, "nombre_ingrediente": "Sour Cream"}}, {"model": "reservas.ingrediente", "pk": 18, "fields": {"tipo": 8, "nombre_ingrediente": "Tortas"}}, {"model": "reservas.ingrediente", "pk": 19, "fields": {"tipo": 11, "nombre_ingrediente": "Salsa verde"}}, {"model": "reservas.ingrediente", "pk": 20, "fields": {"tipo": 12, "nombre_ingrediente": "Pimiento"}}, {"model": "reservas.ingrediente", "pk": 21, "fields": {"tipo": 6, "nombre_ingrediente": "Arroz"}}, {"model": "reservas.ingrediente", "pk": 22, "fields": {"tipo": 8, "nombre_ingrediente": "Pan de Ajo"}}, {"model": "reservas.ingrediente", "pk": 23, "fields": {"tipo": 8, "nombre_ingrediente": "Torta de Harina"}}, {"model": "reservas.ingrediente", "pk": 24, "fields": {"tipo": 11, "nombre_ingrediente": "Barbacoa"}}, {"model": "reservas.ingrediente", "pk": 25, "fields": {"tipo": 3, "nombre_ingrediente": "Aros"}}, {"model": "reservas.ingrediente", "pk": 26, "fields": {"tipo": 12, "nombre_ingrediente": "Chile"}}, {"model": "reservas.ingrediente", "pk": 27, "fields": {"tipo": 12, "nombre_ingrediente": "Zanahoria"}}, {"model": "reservas.ingrediente", "pk": 28, "fields": {"tipo": 12, "nombre_ingrediente": "Pepino"}}, {"model": "reservas.ingrediente", "pk": 29, "fields": {"tipo": 11, "nombre_ingrediente": "Salsa Especial"}}, {"model": "reservas.ingrediente", "pk": 30, "fields": {"tipo": 1, "nombre_ingrediente": "Creamy Chicken"}}, {"model": "reservas.ingrediente", "pk": 31, "fields": {"tipo": 1, "nombre_ingrediente": "Ternera"}}, {"model": "reservas.ingrediente", "pk": 32, "fields": {"tipo": 1, "nombre_ingrediente": "Costilla"}}, {"model": "reservas.ingrediente", "pk": 33, "fields": {"tipo": 1, "nombre_ingrediente": "Burrito"}}, {"model": "reservas.ingrediente", "pk": 34, "fields": {"tipo": 1, "nombre_ingrediente": "Taco"}}, {"model": "reservas.ingrediente", "pk": 35, "fields": {"tipo": 1, "nombre_ingrediente": "Enchilada"}}, {"model": "reservas.ingrediente", "pk": 36, "fields": {"tipo": 1, "nombre_ingrediente": "Chalupa"}}, {"model": "reservas.ingrediente", "pk": 37, "fields": {"tipo": 11, "nombre_ingrediente": "Salsa de enchilada"}}, {"model": "reservas.ingrediente", "pk": 38, "fields": {"tipo": 1, "nombre_ingrediente": "Beacon"}}, {"model": "reservas.ingrediente", "pk": 39, "fields": {"tipo": 1, "nombre_ingrediente": "Perrito Caliente"}}, {"model": "reservas.ingrediente", "pk": 40, "fields": {"tipo": 6, "nombre_ingrediente": "Fritos de maiz"}}, {"model": "reservas.ingrediente", "pk": 41, "fields": {"tipo": 2, "nombre_ingrediente": "Chocolate"}}, {"model": "reservas.ingrediente", "pk": 42, "fields": {"tipo": 2, "nombre_ingrediente": "Nata"}}, {"model": "reservas.ingrediente", "pk": 43, "fields": {"tipo": 4, "nombre_ingrediente": "Manzana"}}, {"model": "reservas.ingrediente", "pk": 44, "fields": {"tipo": 2, "nombre_ingrediente": "Galleta"}}, {"model": "reservas.ingrediente", "pk": 45, "fields": {"tipo": 5, "nombre_ingrediente": "Nueces"}}, {"model": "reservas.ingrediente", "pk": 46, "fields": {"tipo": 13, "nombre_ingrediente": "Vainilla"}}, {"model": "reservas.ingrediente", "pk": 47, "fields": {"tipo": 4, "nombre_ingrediente": "Arandano"}}, {"model": "reservas.ingrediente", "pk": 48, "fields": {"tipo": 4, "nombre_ingrediente": "Fresa"}}, {"model": "reservas.ingrediente", "pk": 49, "fields": {"tipo": 2, "nombre_ingrediente": "Snickers"}}, {"model": "reservas.platos", "pk": 2, "fields": {"nombre_plato": "Nachos con queso al horno (Media)", "precio_plato": "5.50", "tipo_comida": 1, "image": "", "ingredientes": [7]}}, {"model": "reservas.platos", "pk": 3, "fields": {"nombre_plato": "Nachos con queso al horno (Ración)", "precio_plato": "7.00", "tipo_comida": 1, "image": "", "ingredientes": [7]}}, {"model": "reservas.platos", "pk": 4, "fields": {"nombre_plato": "Nachos con queso al horno Jalapeños (Media)", "precio_plato": "7.00", "tipo_comida": 1, "image": "", "ingredientes": [4, 7]}}, {"model": "reservas.platos", "pk": 5, "fields": {"nombre_plato": "Nachos con queso al horno Jalapeños (Ración)", "precio_plato": "8.50", "tipo_comida": 1, "image": "", "ingredientes": [4, 7]}}, {"model": "reservas.platos", "pk": 6, "fields": {"nombre_plato": "Nachos con queso al horno Guacamole (Media)", "precio_plato": "7.45", "tipo_comida": 1, "image": "", "ingredientes": [5, 7]}}, {"model": "reservas.platos", "pk": 7, "fields": {"nombre_plato": "Nachos con queso al horno Guacamole (Ración)", "precio_plato": "9.50", "tipo_comida": 1, "image": "", "ingredientes": [5, 7]}}, {"model": "reservas.platos", "pk": 8, "fields": {"nombre_plato": "Nachos con queso al horno Frijoles (Media)", "precio_plato": "6.80", "tipo_comida": 1, "image": "", "ingredientes": [6, 7]}}, {"model": "reservas.platos", "pk": 9, "fields": {"nombre_plato": "Nachos con queso al horno Frijoles (Ración)", "precio_plato": "8.80", "tipo_comida": 1, "image": "", "ingredientes": [6, 7]}}, {"model": "reservas.platos", "pk": 10, "fields": {"nombre_plato": "Nachos con queso al horno Carne (Media)", "precio_plato": "7.45", "tipo_comida": 1, "image": "", "ingredientes": [2, 7]}}, {"model": "reservas.platos", "pk": 11, "fields": {"nombre_plato": "Nachos con queso al horno Carne (Ración)", "precio_plato": "9.50", "tipo_comida": 1, "image": "", "ingredientes": [2, 7]}}, {"model": "reservas.platos", "pk": 12, "fields": {"nombre_plato": "Nachos con queso al horno Pollo (Media)", "precio_plato": "7.45", "tipo_comida": 1, "image": "", "ingredientes": [1, 7]}}, {"model": "reservas.platos", "pk": 13, "fields": {"nombre_plato": "Nachos con queso al horno Pollo (Ración)", "precio_plato": "9.50", "tipo_comida": 1, "image": "", "ingredientes": [1, 7]}}, {"model": "reservas.platos", "pk": 14, "fields": {"nombre_plato": "Nachos con queso al horno Sour Cream (Media)", "precio_plato": "7.00", "tipo_comida": 1, "image": "", "ingredientes": [7, 17]}}, {"model": "reservas.platos", "pk": 15, "fields": {"nombre_plato": "Nachos con queso al horno Sour Cream (Ración)", "precio_plato": "8.50", "tipo_comida": 1, "image": "", "ingredientes": [7, 17]}}, {"model": "reservas.platos", "pk": 16, "fields": {"nombre_plato": "Nachos con queso al horno Extra Queso (Media)", "precio_plato": "7.45", "tipo_comida": 1, "image": "photos/nachos-santitas_0.png", "ingredientes": [7]}}, {"model": "reservas.platos", "pk": 17, "fields": {"nombre_plato": "Nachos con queso al horno Extra Queso (Ración)", "precio_plato": "9.50", "tipo_comida": 1, "image": "", "ingredientes": [7]}}, {"model": "reservas.platos", "pk": 18, "fields": {"nombre_plato": "Cuenco de Guacamole", "precio_plato": "2.50", "tipo_comida": 1, "image": "", "ingredientes": [5]}}, {"model": "reservas.platos", "pk": 19, "fields": {"nombre_plato": "Quesadilla", "precio_plato": "2.95", "tipo_comida": 1, "image": "", "ingredientes": [7, 10, 23]}}, {"model": "reservas.platos", "pk": 20, "fields": {"nombre_plato": "Mazorca de Maiz", "precio_plato": "3.00", "tipo_comida": 1, "image": "", "ingredientes": [11]}}, {"model": "reservas.platos", "pk": 21, "fields": {"nombre_plato": "Sour Cream", "precio_plato": "1.50", "tipo_comida": 1, "image": "", "ingredientes": [17]}}, {"model": "reservas.platos", "pk": 22, "fields": {"nombre_plato": "Nacho Chips y Salsa", "precio_plato": "1.50", "tipo_comida": 1, "image": "", "ingredientes": []}}, {"model": "reservas.platos", "pk": 23, "fields": {"nombre_plato": "Salsa adicional (Unid.)", "precio_plato": "0.40", "tipo_comida": 1, "image": "", "ingredientes": []}}, {"model": "reservas.platos", "pk": 24, "fields": {"nombre_plato": "Combo (20 Unids.)", "precio_plato": "8.50", "tipo_comida": 1, "image": "", "ingredientes": [3, 4, 12, 13, 25]}}, {"model": "reservas.platos", "pk": 25, "fields": {"nombre_plato": "Taco", "precio_plato": "3.20", "tipo_comida": 9, "image": "", "ingredientes": []}}, {"model": "reservas.platos", "pk": 26, "fields": {"nombre_plato": "Taco Blando", "precio_plato": "3.20", "tipo_comida": 9, "image": "", "ingredientes": []}}, {"model": "reservas.platos", "pk": 27, "fields": {"nombre_plato": "Enhilada de Carne", "precio_plato": "3.20", "tipo_comida": 9, "image": "", "ingredientes": [2]}}, {"model": "reservas.platos", "pk": 28, "fields": {"nombre_plato": "Enchilada de Queso", "precio_plato": "3.20", "tipo_comida": 9, "image": "", "ingredientes": [7]}}, {"model": "reservas.platos", "pk": 29, "fields": {"nombre_plato": "Enchilada de Pollo", "precio_plato": "3.20", "tipo_comida": 9, "image": "", "ingredientes": [1]}}, {"model": "reservas.platos", "pk": 30, "fields": {"nombre_plato": "Enchilada Canalla", "precio_plato": "3.20", "tipo_comida": 9, "image": "", "ingredientes": []}}, {"model": "reservas.platos", "pk": 31, "fields": {"nombre_plato": "Burrito", "precio_plato": "3.20", "tipo_comida": 9, "image": "", "ingredientes": [2, 6, 7]}}, {"model": "reservas.platos", "pk": 32, "fields": {"nombre_plato": "Burrito", "precio_plato": "3.20", "tipo_comida": 9, "image": "", "ingredientes": [6, 7, 10]}}, {"model": "reservas.platos", "pk": 33, "fields": {"nombre_plato": "Quesadilla", "precio_plato": "2.95", "tipo_comida": 9, "image": "", "ingredientes": []}}, {"model": "reservas.platos", "pk": 34, "fields": {"nombre_plato": "Chalupa", "precio_plato": "3.20", "tipo_comida": 9, "image": "", "ingredientes": []}}, {"model": "reservas.platos", "pk": 35, "fields": {"nombre_plato": "Perrito Caliente con Chile", "precio_plato": "3.20", "tipo_comida": 9, "image": "", "ingredientes": [26]}}, {"model": "reservas.platos", "pk": 36, "fields": {"nombre_plato": "Jalapeños", "precio_plato": "1.50", "tipo_comida": 9, "image": "", "ingredientes": [4]}}, {"model": "reservas.platos", "pk": 37, "fields": {"nombre_plato": "Tortas de harina (Flour tortillas)", "precio_plato": "0.50", "tipo_comida": 9, "image": "", "ingredientes": [23]}}, {"model": "reservas.platos", "pk": 38, "fields": {"nombre_plato": "Cobb Salad", "precio_plato": "10.50", "tipo_comida": 4, "image": "", "ingredientes": [1, 5, 8, 10, 14, 15, 16, 27, 28]}}, {"model": "reservas.platos", "pk": 39, "fields": {"nombre_plato": "Taco Salad", "precio_plato": "9.50", "tipo_comida": 4, "image": "", "ingredientes": [2, 5, 10, 15, 16, 17]}}, {"model": "reservas.platos", "pk": 40, "fields": {"nombre_plato": "Ensalada de Guacamole", "precio_plato": "7.50", "tipo_comida": 1, "image": "", "ingredientes": [5, 10, 15, 27]}}, {"model": "reservas.platos", "pk": 41, "fields": {"nombre_plato": "Ensalada LTC", "precio_plato": "5.50", "tipo_comida": 4, "image": "", "ingredientes": [10, 15, 16]}}, {"model": "reservas.platos", "pk": 42, "fields": {"nombre_plato": "Enchilada de Carne (Media)", "precio_plato": "8.90", "tipo_comida": 3, "image": "", "ingredientes": [2, 7, 18, 29]}}, {"model": "reservas.platos", "pk": 43, "fields": {"nombre_plato": "Enchilada de Carne (Ración)", "precio_plato": "10.50", "tipo_comida": 3, "image": "", "ingredientes": [2, 7, 18, 29]}}, {"model": "reservas.platos", "pk": 44, "fields": {"nombre_plato": "Enchilada de Queso (Media)", "precio_plato": "8.90", "tipo_comida": 3, "image": "", "ingredientes": [7]}}, {"model": "reservas.platos", "pk": 45, "fields": {"nombre_plato": "Enchilada de Queso (Ración)", "precio_plato": "10.50", "tipo_comida": 3, "image": "", "ingredientes": [7]}}, {"model": "reservas.platos", "pk": 46, "fields": {"nombre_plato": "Enchilada de Pollo (Media)", "precio_plato": "8.90", "tipo_comida": 3, "image": "", "ingredientes": [1, 19, 20]}}, {"model": "reservas.platos", "pk": 47, "fields": {"nombre_plato": "Enchilada de Pollo (Ración)", "precio_plato": "10.50", "tipo_comida": 3, "image": "", "ingredientes": [1, 19, 20]}}, {"model": "reservas.platos", "pk": 48, "fields": {"nombre_plato": "Enchilada Picosa ¡HOT! (Ración)", "precio_plato": "10.50", "tipo_comida": 3, "image": "", "ingredientes": []}}, {"model": "reservas.platos", "pk": 49, "fields": {"nombre_plato": "Enchilada Canalla (Ración)", "precio_plato": "9.50", "tipo_comida": 3, "image": "", "ingredientes": [30]}}, {"model": "reservas.platos", "pk": 50, "fields": {"nombre_plato": "Tacos Crujientes (Media)", "precio_plato": "8.50", "tipo_comida": 8, "image": "", "ingredientes": [2, 7, 18]}}, {"model": "reservas.platos", "pk": 51, "fields": {"nombre_plato": "Tacos Crujientes (Ración)", "precio_plato": "9.95", "tipo_comida": 8, "image": "", "ingredientes": [2, 7, 18]}}, {"model": "reservas.platos", "pk": 52, "fields": {"nombre_plato": "Tacos Blandos (Media)", "precio_plato": "8.50", "tipo_comida": 8, "image": "", "ingredientes": [2, 7, 18]}}, {"model": "reservas.platos", "pk": 53, "fields": {"nombre_plato": "Tacos Blandos (Ración)", "precio_plato": "9.95", "tipo_comida": 8, "image": "", "ingredientes": [2, 7, 18]}}, {"model": "reservas.platos", "pk": 54, "fields": {"nombre_plato": "Fajita de Ternera o Pollo (6 Tortas)", "precio_plato": "18.50", "tipo_comida": 6, "image": "", "ingredientes": [1, 10, 20, 27, 31]}}, {"model": "reservas.platos", "pk": 55, "fields": {"nombre_plato": "1/2 Fajita de Ternera o Pollo (3 Tortas)", "precio_plato": "10.50", "tipo_comida": 6, "image": "", "ingredientes": [1, 10, 20, 27, 31]}}, {"model": "reservas.platos", "pk": 56, "fields": {"nombre_plato": "Costillas a la Barbacoa", "precio_plato": "12.95", "tipo_comida": 2, "image": "", "ingredientes": [24, 32]}}, {"model": "reservas.platos", "pk": 57, "fields": {"nombre_plato": "Pollo a la Barbacoa", "precio_plato": "12.95", "tipo_comida": 2, "image": "", "ingredientes": [1, 24]}}, {"model": "reservas.platos", "pk": 58, "fields": {"nombre_plato": "Fuente Bernadette", "precio_plato": "10.50", "tipo_comida": 5, "image": "", "ingredientes": [5, 33, 34, 35]}}, {"model": "reservas.platos", "pk": 59, "fields": {"nombre_plato": "Fuente Brava", "precio_plato": "10.50", "tipo_comida": 5, "image": "", "ingredientes": [2, 7, 34, 35]}}, {"model": "reservas.platos", "pk": 60, "fields": {"nombre_plato": "Fuente Méjico", "precio_plato": "10.50", "tipo_comida": 5, "image": "", "ingredientes": [2, 26, 33, 36]}}, {"model": "reservas.platos", "pk": 61, "fields": {"nombre_plato": "Burritos (2)", "precio_plato": "10.50", "tipo_comida": 5, "image": "", "ingredientes": [2, 6, 7, 23]}}, {"model": "reservas.platos", "pk": 62, "fields": {"nombre_plato": "Don Burrito (1 Kg)", "precio_plato": "12.00", "tipo_comida": 5, "image": "", "ingredientes": [2, 6, 7, 37]}}, {"model": "reservas.platos", "pk": 63, "fields": {"nombre_plato": "Chalupas", "precio_plato": "10.50", "tipo_comida": 5, "image": "", "ingredientes": [2, 6, 7]}}, {"model": "reservas.platos", "pk": 64, "fields": {"nombre_plato": "Chili con Carne (Cuenco solo)", "precio_plato": "7.50", "tipo_comida": 5, "image": "", "ingredientes": []}}, {"model": "reservas.platos", "pk": 65, "fields": {"nombre_plato": "Sopa Mexicana", "precio_plato": "6.75", "tipo_comida": 5, "image": "", "ingredientes": []}}, {"model": "reservas.platos", "pk": 66, "fields": {"nombre_plato": "Macarrones con Queso y Beacon", "precio_plato": "6.75", "tipo_comida": 5, "image": "", "ingredientes": [7, 38]}}, {"model": "reservas.platos", "pk": 67, "fields": {"nombre_plato": "Niño - Tex (Menores de 10 años)", "precio_plato": "3.50", "tipo_comida": 5, "image": "", "ingredientes": [11, 39, 40]}}, {"model": "reservas.platos", "pk": 68, "fields": {"nombre_plato": "Niños - Mex (Menores de 10 años)", "precio_plato": "3.50", "tipo_comida": 1, "image": "", "ingredientes": [6, 21, 33, 34]}}, {"model": "reservas.platos", "pk": 69, "fields": {"nombre_plato": "Pastel de Zanahoria", "precio_plato": "4.70", "tipo_comida": 7, "image": "", "ingredientes": [27]}}, {"model": "reservas.platos", "pk": 70, "fields": {"nombre_plato": "Brownie de Chocolate con Nata", "precio_plato": "4.70", "tipo_comida": 7, "image": "", "ingredientes": [41, 42]}}, {"model": "reservas.platos", "pk": 71, "fields": {"nombre_plato": "Brownie Especial (Con Helado)", "precio_plato": "4.95", "tipo_comida": 7, "image": "", "ingredientes": []}}, {"model": "reservas.platos", "pk": 72, "fields": {"nombre_plato": "Tarta de Manzana (Con Helado)", "precio_plato": "4.95", "tipo_comida": 7, "image": "", "ingredientes": [43]}}, {"model": "reservas.platos", "pk": 73, "fields": {"nombre_plato": "Cookiemania (Con Helado)", "precio_plato": "4.95", "tipo_comida": 7, "image": "", "ingredientes": [41, 44, 45]}}, {"model": "reservas.platos", "pk": 74, "fields": {"nombre_plato": "Tex - Mex Sundae (Con Helado)", "precio_plato": "4.70", "tipo_comida": 7, "image": "", "ingredientes": [41, 44, 45, 46]}}, {"model": "reservas.platos", "pk": 75, "fields": {"nombre_plato": "Red Velvet", "precio_plato": "4.95", "tipo_comida": 7, "image": "", "ingredientes": []}}, {"model": "reservas.platos", "pk": 76, "fields": {"nombre_plato": "Pastel de Chocolate", "precio_plato": "4.95", "tipo_comida": 7, "image": "", "ingredientes": [41]}}, {"model": "reservas.platos", "pk": 77, "fields": {"nombre_plato": "Tarta de Queso Arandanos", "precio_plato": "4.70", "tipo_comida": 7, "image": "photos/Nivel_de_la_página.png", "ingredientes": [7, 47]}}, {"model": "reservas.platos", "pk": 78, "fields": {"nombre_plato": "Tarta de Queso Fresa", "precio_plato": "4.70", "tipo_comida": 7, "image": "photos/maxresdefault1.jpg", "ingredientes": [7, 48]}}, {"model": "reservas.platos", "pk": 79, "fields": {"nombre_plato": "Tarta de Queso Snickers", "precio_plato": "4.80", "tipo_comida": 7, "image": "photos/maxresdefault.jpg", "ingredientes": [7, 49]}}, {"model": "reservas.valoracionplato", "pk": 2, "fields": {"plato": 79, "usuario": 1, "valoracion": 4}}, {"model": "reservas.valoracionplato", "pk": 3, "fields": {"plato": 16, "usuario": 1, "valoracion": 5}}, {"model": "reservas.valoracionplato", "pk": 4, "fields": {"plato": 78, "usuario": 1, "valoracion": 3}}, {"model": "reservas.valoracionplato", "pk": 5, "fields": {"plato": 16, "usuario": 10, "valoracion": 2}}, {"model": "reservas.valoracionplato", "pk": 6, "fields": {"plato": 16, "usuario": 5, "valoracion": 3}}, {"model": "reservas.valoracionplato", "pk": 8, "fields": {"plato": 77, "usuario": 1, "valoracion": 4}}, {"model": "reservas.mispedidos", "pk": 21, "fields": {"usuario": 10, "nombre_persona": "asdasd", "plato": 4, "cantidad": 1, "observaciones": "sdasd", "fecha_pedido": "2024-12-11T16:04:42.143Z"}}, {"model": "reservas.mispedidos", "pk": 24, "fields": {"usuario": 5, "nombre_persona": "asdasd", "plato": 3, "cantidad": 1, "observaciones": "asdasd", "fecha_pedido": "2024-12-12T16:15:40.190Z"}}, {"model": "reservas.mispedidos", "pk": 26, "fields": {"usuario": 9, "nombre_persona": "X", "plato": 20, "cantidad": 1, "observaciones": "", "fecha_pedido": "2024-12-17T18:01:30.068Z"}}]